videoID;deviceType;views
"Wt7ee9-jJwk";"TABLET";250
"no0j59bcrW8";"TABLET";92
"4xapOrfLvbg";"TABLET";949
"XGbhdoiR-A8";"TABLET";152
"_GOIflxSlYI";"TABLET";208
"gNCTjoCu6k4";"TABLET";125
"wG3J8lO9d5I";"TABLET";332
"HJr4mLYsnB8";"TABLET";361
"fLqvaWJtwhQ";"TABLET";1229
"ZilC968Fc9c";"TABLET";927
"-tTYPCTciyU";"TABLET";181
"hilfglpKNRQ";"TABLET";137
"cTqFNg_y9lw";"TABLET";245
"IURWlw2_6Ks";"TABLET";285
"iyGBZsLxe54";"TABLET";696
"bDPGm3rP8WU";"TABLET";216
"AJxCCfFmLTQ";"TABLET";497
"EJwbwMB-fDQ";"TABLET";260
"ZlKMxbC4ehg";"TABLET";391
"icf7Hfj22vg";"TABLET";712
"8H9xM741hBQ";"TABLET";462
"DtOfcsS_pQw";"TABLET";229
"KJod3LG84bk";"TABLET";376
"Ax-jgwnolNI";"TABLET";246
"_8vw30ltFJ0";"TABLET";420
"oLZ7jTKG1fw";"TABLET";216
"7vCD8Zu686Q";"TABLET";552
"vWnMk3E1lIc";"TABLET";586
"XKmTknbusnY";"TABLET";227
"KngjlmJCpUs";"TABLET";56
"gkMjAYFeSiM";"TABLET";341
"k_Z1Uu5y9l8";"TABLET";95
"kJ37glO4wBY";"TABLET";145
"RVcJ3O_O2Jg";"TABLET";1467
"eNP36ozsnss";"TABLET";163
"SI0Oxt2Mu-Y";"TABLET";149
"S1kTTQARvVs";"TABLET";232
"dbZJLFI-t-Y";"TABLET";591
"X47XlpkMfe8";"TABLET";846
"bU35LnSfo70";"TABLET";789
"MXKDEyc-vtU";"TABLET";262
"O0VsTLDTjss";"TABLET";170
"Pk3uKEuLrUY";"TABLET";127
"A4iG8S4EpHs";"TABLET";287
"QBD4na6Aeq0";"TABLET";144
"iyc74jnjKV8";"TABLET";69
"uq5PQg_hZro";"TABLET";295
"ppQ0DdtBaCw";"TABLET";168
"t4kd-QY6Rh0";"TABLET";309
"fktQmk0a9OI";"TABLET";191
"A9yVhbgxgl8";"TABLET";278
"qZtfSNReft4";"TABLET";64
"4pdzhKNwQlY";"TABLET";1217
"9XsMt1TxNeM";"TABLET";257
"pEAwvMkpA8I";"TABLET";521
"T1q3BF5_YJ8";"TABLET";554
"VRQq7XVWdR8";"TABLET";1195
"0TAapq8TnFQ";"TABLET";307
"KkUg3-R9kcA";"TABLET";181
"Ka7Ds4EAjNQ";"TABLET";680
"KjUAEci6G20";"TABLET";673
"x-1NiopFC9g";"TABLET";201
"6M7AhO8vbNw";"TABLET";276
"syzA3PZx3qk";"TABLET";542
"nePWIVgHobs";"TABLET";137
"UqTAJxp--c4";"TABLET";87
"RnMrGaiVWtQ";"TABLET";1080
"IZJijGvbZks";"TABLET";67
"Ys11kq35rHU";"TABLET";79
"PAX5GP9SkTA";"TABLET";159
"HRJRJ3D9cq8";"TABLET";406
"di_J3aFqY9E";"TABLET";591
"1VNfhqILnh8";"TABLET";54
"cS1omlvorrk";"TABLET";651
"fTUw94veqfE";"TABLET";339
"cr9UBeZ3AvQ";"TABLET";207
"z7FBukPBKzg";"TABLET";731
"uuwxWnAILr0";"TABLET";81
"Z40Txux1Lxk";"TABLET";2818
"3QiTBXfxzHA";"TABLET";300
"EmALxO7V7y0";"TABLET";2826
"TEmNcM6OnSc";"TABLET";90
"YeI_n8myE68";"TABLET";164
"Anv3X3EuHZ8";"TABLET";355
"-kOvK7IV3sg";"TABLET";186
"FO6e3rjSslQ";"TABLET";259
"TRdVDwWqbfY";"TABLET";206
"s9ck7xx85mA";"TABLET";218
"DMtlv-BlKP4";"TABLET";1484
"DRVDYOrVdlQ";"TABLET";68
"duMSovyosXE";"TABLET";1268
"CoTLQiMZFbI";"TABLET";1318
"5XxUVbLVdQE";"TABLET";200
"H3-evk6-qpQ";"TABLET";146
"vbg4Je1tuis";"TABLET";343
"8e8a3o1w51M";"TABLET";297
"pCgK-Ze3nhA";"TABLET";1615
"dzJvTcCedm8";"TABLET";763
"WSnB5y2JXv8";"TABLET";342
"_bdHe3z_fVU";"TABLET";1103
"Y3ahe3J3Zuo";"TABLET";118
"BxKIJL5baAU";"TABLET";95
"WX0nH-lEpk4";"TABLET";694
"DWjbd7NPUCM";"TABLET";379
"651eVDaL34o";"TABLET";157
"Z4E2jSZ4r6A";"TABLET";105
"RcQ8gE-1hSU";"TABLET";284
"oKi7rd16TjU";"TABLET";239
"2RZkc_qrV1g";"TABLET";106
"6jeSIRpjv0M";"TABLET";1259
"2SGXnYFdqu4";"TABLET";376
"4NgQLqHI6hU";"TABLET";474
"BY0WV05IeNk";"TABLET";254
"8D6IbflW5OI";"TABLET";134
"2kmFfbOeFJg";"TABLET";237
"Ds8Twy4VvzU";"TABLET";452
"rXDomxfoY1o";"TABLET";923
"uwjOFYz-FxM";"TABLET";445
"4V-yeg4fva0";"TABLET";223
"JHuH7iGcPoY";"TABLET";279
"1UkDaiRGShM";"TABLET";533
"lFd2hjkKz_Q";"TABLET";905
"rLmZYThOJg0";"TABLET";53
"8JKgW9mS9WM";"TABLET";301
"LG-fdqSIFxE";"TABLET";340
"6ZM5uFFAd_w";"TABLET";100
"L2ELtem2iGY";"TABLET";202
"OIGGrrnMIgk";"TABLET";871
"2V9cLPXPemg";"TABLET";1137
"r5WkPqu9E4E";"TABLET";51
"qeWN5gq9EE8";"TABLET";442
"T7ckdeGOhnU";"TABLET";273
"HEMARcoxhkI";"TABLET";218
"nvv4tPOY8lo";"TABLET";163
"NjdZjozKboA";"TABLET";384
"gc2X5L4Y5Xg";"TABLET";223
"YfdypVSYb9c";"TABLET";217
"6IHNYDy_Ynw";"TABLET";796
"U0YyIsqDWV4";"TABLET";150
"aus8JuVxajM";"TABLET";557
"_p9E8fiDRDw";"TABLET";335
"sepAWgLOCBI";"TABLET";374
"Uuo8AsMxqss";"TABLET";673
"QFADxSyXwwY";"TABLET";348
"fKygF7VEJnQ";"TABLET";194
"L1govVEBxDo";"TABLET";155
"OyvjGRnxCkw";"TABLET";300
"Wz0N0c3EzVg";"TABLET";91
"m4a2c55eXMU";"TABLET";238
"GvKYUgka_4Y";"TABLET";446
"AY_n9OWPgsk";"TABLET";105
"0v8DZuyM2GU";"TABLET";422
"_JMSw6i5pzY";"TABLET";336
"eXz0cLDRMyg";"TABLET";206
"xuBfK0oJmw8";"TABLET";134
"UFD5S4Peqc4";"TABLET";889
"HvPh2go8xJs";"TABLET";106
"151Quamk9Uo";"TABLET";334
"-3r5Amv8wdg";"TABLET";48
"VKkN-FF66Zw";"TABLET";984
"fcv3CHBItJo";"TABLET";2519
"P2hu_VsRVfM";"TABLET";443
"lOdLJx1zL7Y";"TABLET";669
"u7SyqTpLIJc";"TABLET";512
"wUzZChTlzdE";"TABLET";285
"ezGQ1YxfAOU";"TABLET";242
"ksSg7hhMDbU";"TABLET";185
"dcjQLZgoNA0";"TABLET";1245
"uFhsqX_A6XA";"TABLET";362
"i1kCHZEhnEY";"TABLET";3867
"AZAL-QPn5Zc";"TABLET";750
"yP791KGnrek";"TABLET";104
"h6zprXwtmfg";"TABLET";64
"6_1XDU3I-50";"TABLET";208
"S2k2dxf_QWc";"TABLET";186
"kXgm7984oTs";"TABLET";90
"0Stq-erLMlo";"TABLET";29
"Wt7ee9-jJwk";"DESKTOP";1851
"no0j59bcrW8";"DESKTOP";721
"4xapOrfLvbg";"DESKTOP";73396
"XGbhdoiR-A8";"DESKTOP";1627
"_GOIflxSlYI";"DESKTOP";2892
"gNCTjoCu6k4";"DESKTOP";1059
"wG3J8lO9d5I";"DESKTOP";16076
"HJr4mLYsnB8";"DESKTOP";15317
"fLqvaWJtwhQ";"DESKTOP";41442
"ZilC968Fc9c";"DESKTOP";27132
"-tTYPCTciyU";"DESKTOP";2174
"hilfglpKNRQ";"DESKTOP";1984
"cTqFNg_y9lw";"DESKTOP";7377
"IURWlw2_6Ks";"DESKTOP";6922
"iyGBZsLxe54";"DESKTOP";14610
"bDPGm3rP8WU";"DESKTOP";4453
"AJxCCfFmLTQ";"DESKTOP";18230
"EJwbwMB-fDQ";"DESKTOP";3715
"ZlKMxbC4ehg";"DESKTOP";14891
"icf7Hfj22vg";"DESKTOP";15410
"8H9xM741hBQ";"DESKTOP";12393
"DtOfcsS_pQw";"DESKTOP";5068
"KJod3LG84bk";"DESKTOP";6930
"Ax-jgwnolNI";"DESKTOP";8514
"_8vw30ltFJ0";"DESKTOP";14087
"oLZ7jTKG1fw";"DESKTOP";6828
"7vCD8Zu686Q";"DESKTOP";15148
"vWnMk3E1lIc";"DESKTOP";25557
"XKmTknbusnY";"DESKTOP";11986
"KngjlmJCpUs";"DESKTOP";320
"gkMjAYFeSiM";"DESKTOP";14277
"k_Z1Uu5y9l8";"DESKTOP";2536
"kJ37glO4wBY";"DESKTOP";2555
"RVcJ3O_O2Jg";"DESKTOP";73252
"eNP36ozsnss";"DESKTOP";3512
"SI0Oxt2Mu-Y";"DESKTOP";3309
"S1kTTQARvVs";"DESKTOP";7220
"dbZJLFI-t-Y";"DESKTOP";33479
"X47XlpkMfe8";"DESKTOP";17191
"bU35LnSfo70";"DESKTOP";42957
"MXKDEyc-vtU";"DESKTOP";2309
"O0VsTLDTjss";"DESKTOP";2433
"Pk3uKEuLrUY";"DESKTOP";1244
"A4iG8S4EpHs";"DESKTOP";10037
"QBD4na6Aeq0";"DESKTOP";2815
"iyc74jnjKV8";"DESKTOP";849
"uq5PQg_hZro";"DESKTOP";10389
"ppQ0DdtBaCw";"DESKTOP";1884
"t4kd-QY6Rh0";"DESKTOP";3886
"fktQmk0a9OI";"DESKTOP";1878
"A9yVhbgxgl8";"DESKTOP";7372
"qZtfSNReft4";"DESKTOP";14488
"4pdzhKNwQlY";"DESKTOP";40217
"9XsMt1TxNeM";"DESKTOP";7763
"pEAwvMkpA8I";"DESKTOP";18032
"T1q3BF5_YJ8";"DESKTOP";12615
"VRQq7XVWdR8";"DESKTOP";27894
"0TAapq8TnFQ";"DESKTOP";4596
"KkUg3-R9kcA";"DESKTOP";4876
"Ka7Ds4EAjNQ";"DESKTOP";31024
"KjUAEci6G20";"DESKTOP";11158
"x-1NiopFC9g";"DESKTOP";5521
"6M7AhO8vbNw";"DESKTOP";7089
"syzA3PZx3qk";"DESKTOP";30034
"nePWIVgHobs";"DESKTOP";6382
"UqTAJxp--c4";"DESKTOP";1252
"RnMrGaiVWtQ";"DESKTOP";19928
"IZJijGvbZks";"DESKTOP";430
"Ys11kq35rHU";"DESKTOP";744
"PAX5GP9SkTA";"DESKTOP";1770
"HRJRJ3D9cq8";"DESKTOP";7303
"di_J3aFqY9E";"DESKTOP";29436
"1VNfhqILnh8";"DESKTOP";469
"cS1omlvorrk";"DESKTOP";19322
"fTUw94veqfE";"DESKTOP";6038
"cr9UBeZ3AvQ";"DESKTOP";2684
"z7FBukPBKzg";"DESKTOP";14891
"uuwxWnAILr0";"DESKTOP";968
"Z40Txux1Lxk";"DESKTOP";73819
"3QiTBXfxzHA";"DESKTOP";15944
"EmALxO7V7y0";"DESKTOP";91343
"TEmNcM6OnSc";"DESKTOP";2176
"YeI_n8myE68";"DESKTOP";1564
"Anv3X3EuHZ8";"DESKTOP";18762
"-kOvK7IV3sg";"DESKTOP";2323
"FO6e3rjSslQ";"DESKTOP";11171
"TRdVDwWqbfY";"DESKTOP";4297
"s9ck7xx85mA";"DESKTOP";5359
"DMtlv-BlKP4";"DESKTOP";73115
"DRVDYOrVdlQ";"DESKTOP";465
"duMSovyosXE";"DESKTOP";54826
"CoTLQiMZFbI";"DESKTOP";65169
"5XxUVbLVdQE";"DESKTOP";2926
"H3-evk6-qpQ";"DESKTOP";1409
"vbg4Je1tuis";"DESKTOP";4104
"8e8a3o1w51M";"DESKTOP";7689
"pCgK-Ze3nhA";"DESKTOP";70975
"dzJvTcCedm8";"DESKTOP";30042
"WSnB5y2JXv8";"DESKTOP";6265
"_bdHe3z_fVU";"DESKTOP";52327
"Y3ahe3J3Zuo";"DESKTOP";1654
"BxKIJL5baAU";"DESKTOP";1434
"WX0nH-lEpk4";"DESKTOP";25586
"DWjbd7NPUCM";"DESKTOP";28694
"651eVDaL34o";"DESKTOP";3010
"Z4E2jSZ4r6A";"DESKTOP";3175
"RcQ8gE-1hSU";"DESKTOP";9746
"oKi7rd16TjU";"DESKTOP";4277
"2RZkc_qrV1g";"DESKTOP";4175
"6jeSIRpjv0M";"DESKTOP";51613
"2SGXnYFdqu4";"DESKTOP";3169
"4NgQLqHI6hU";"DESKTOP";24308
"BY0WV05IeNk";"DESKTOP";16251
"8D6IbflW5OI";"DESKTOP";2194
"2kmFfbOeFJg";"DESKTOP";11339
"Ds8Twy4VvzU";"DESKTOP";6052
"rXDomxfoY1o";"DESKTOP";39936
"uwjOFYz-FxM";"DESKTOP";9892
"4V-yeg4fva0";"DESKTOP";5396
"JHuH7iGcPoY";"DESKTOP";8448
"1UkDaiRGShM";"DESKTOP";21007
"lFd2hjkKz_Q";"DESKTOP";37564
"rLmZYThOJg0";"DESKTOP";364
"8JKgW9mS9WM";"DESKTOP";11240
"LG-fdqSIFxE";"DESKTOP";4711
"6ZM5uFFAd_w";"DESKTOP";1556
"L2ELtem2iGY";"DESKTOP";2886
"OIGGrrnMIgk";"DESKTOP";30466
"2V9cLPXPemg";"DESKTOP";16868
"r5WkPqu9E4E";"DESKTOP";765
"qeWN5gq9EE8";"DESKTOP";23700
"T7ckdeGOhnU";"DESKTOP";4034
"HEMARcoxhkI";"DESKTOP";8134
"nvv4tPOY8lo";"DESKTOP";1081
"NjdZjozKboA";"DESKTOP";19670
"gc2X5L4Y5Xg";"DESKTOP";6978
"YfdypVSYb9c";"DESKTOP";6749
"6IHNYDy_Ynw";"DESKTOP";39071
"U0YyIsqDWV4";"DESKTOP";1887
"aus8JuVxajM";"DESKTOP";11479
"_p9E8fiDRDw";"DESKTOP";7075
"sepAWgLOCBI";"DESKTOP";19797
"Uuo8AsMxqss";"DESKTOP";17627
"QFADxSyXwwY";"DESKTOP";15616
"fKygF7VEJnQ";"DESKTOP";2678
"L1govVEBxDo";"DESKTOP";3875
"OyvjGRnxCkw";"DESKTOP";4686
"Wz0N0c3EzVg";"DESKTOP";755
"m4a2c55eXMU";"DESKTOP";5932
"GvKYUgka_4Y";"DESKTOP";21264
"AY_n9OWPgsk";"DESKTOP";1451
"0v8DZuyM2GU";"DESKTOP";7900
"_JMSw6i5pzY";"DESKTOP";12580
"eXz0cLDRMyg";"DESKTOP";2867
"xuBfK0oJmw8";"DESKTOP";4999
"UFD5S4Peqc4";"DESKTOP";17730
"HvPh2go8xJs";"DESKTOP";2004
"151Quamk9Uo";"DESKTOP";9991
"-3r5Amv8wdg";"DESKTOP";302
"VKkN-FF66Zw";"DESKTOP";21348
"fcv3CHBItJo";"DESKTOP";75126
"P2hu_VsRVfM";"DESKTOP";26098
"lOdLJx1zL7Y";"DESKTOP";18897
"u7SyqTpLIJc";"DESKTOP";9192
"wUzZChTlzdE";"DESKTOP";7962
"ezGQ1YxfAOU";"DESKTOP";2532
"ksSg7hhMDbU";"DESKTOP";7932
"dcjQLZgoNA0";"DESKTOP";58082
"uFhsqX_A6XA";"DESKTOP";9036
"i1kCHZEhnEY";"DESKTOP";45176
"AZAL-QPn5Zc";"DESKTOP";22844
"yP791KGnrek";"DESKTOP";1078
"h6zprXwtmfg";"DESKTOP";435
"6_1XDU3I-50";"DESKTOP";7104
"S2k2dxf_QWc";"DESKTOP";3579
"kXgm7984oTs";"DESKTOP";582
"0Stq-erLMlo";"DESKTOP";292
"Wt7ee9-jJwk";"TV";262
"no0j59bcrW8";"TV";122
"4xapOrfLvbg";"TV";321
"XGbhdoiR-A8";"TV";141
"_GOIflxSlYI";"TV";203
"gNCTjoCu6k4";"TV";92
"wG3J8lO9d5I";"TV";210
"HJr4mLYsnB8";"TV";156
"fLqvaWJtwhQ";"TV";561
"ZilC968Fc9c";"TV";438
"-tTYPCTciyU";"TV";155
"hilfglpKNRQ";"TV";127
"cTqFNg_y9lw";"TV";214
"IURWlw2_6Ks";"TV";187
"iyGBZsLxe54";"TV";547
"bDPGm3rP8WU";"TV";133
"AJxCCfFmLTQ";"TV";272
"EJwbwMB-fDQ";"TV";201
"ZlKMxbC4ehg";"TV";193
"icf7Hfj22vg";"TV";370
"8H9xM741hBQ";"TV";216
"DtOfcsS_pQw";"TV";150
"KJod3LG84bk";"TV";314
"Ax-jgwnolNI";"TV";134
"_8vw30ltFJ0";"TV";172
"oLZ7jTKG1fw";"TV";106
"7vCD8Zu686Q";"TV";370
"vWnMk3E1lIc";"TV";215
"XKmTknbusnY";"TV";103
"KngjlmJCpUs";"TV";58
"gkMjAYFeSiM";"TV";165
"k_Z1Uu5y9l8";"TV";66
"kJ37glO4wBY";"TV";90
"RVcJ3O_O2Jg";"TV";577
"eNP36ozsnss";"TV";97
"SI0Oxt2Mu-Y";"TV";118
"S1kTTQARvVs";"TV";108
"dbZJLFI-t-Y";"TV";234
"X47XlpkMfe8";"TV";576
"bU35LnSfo70";"TV";374
"MXKDEyc-vtU";"TV";171
"O0VsTLDTjss";"TV";146
"Pk3uKEuLrUY";"TV";93
"A4iG8S4EpHs";"TV";145
"QBD4na6Aeq0";"TV";114
"iyc74jnjKV8";"TV";70
"uq5PQg_hZro";"TV";181
"ppQ0DdtBaCw";"TV";121
"t4kd-QY6Rh0";"TV";212
"fktQmk0a9OI";"TV";161
"A9yVhbgxgl8";"TV";162
"qZtfSNReft4";"TV";44
"4pdzhKNwQlY";"TV";621
"9XsMt1TxNeM";"TV";332
"pEAwvMkpA8I";"TV";218
"T1q3BF5_YJ8";"TV";442
"VRQq7XVWdR8";"TV";611
"0TAapq8TnFQ";"TV";143
"KkUg3-R9kcA";"TV";102
"Ka7Ds4EAjNQ";"TV";311
"KjUAEci6G20";"TV";376
"x-1NiopFC9g";"TV";111
"6M7AhO8vbNw";"TV";153
"syzA3PZx3qk";"TV";535
"nePWIVgHobs";"TV";84
"UqTAJxp--c4";"TV";57
"RnMrGaiVWtQ";"TV";670
"IZJijGvbZks";"TV";59
"Ys11kq35rHU";"TV";65
"PAX5GP9SkTA";"TV";235
"HRJRJ3D9cq8";"TV";212
"di_J3aFqY9E";"TV";255
"1VNfhqILnh8";"TV";57
"cS1omlvorrk";"TV";269
"fTUw94veqfE";"TV";254
"cr9UBeZ3AvQ";"TV";141
"z7FBukPBKzg";"TV";398
"uuwxWnAILr0";"TV";51
"Z40Txux1Lxk";"TV";1833
"3QiTBXfxzHA";"TV";129
"EmALxO7V7y0";"TV";1668
"TEmNcM6OnSc";"TV";56
"YeI_n8myE68";"TV";178
"Anv3X3EuHZ8";"TV";166
"-kOvK7IV3sg";"TV";128
"FO6e3rjSslQ";"TV";88
"TRdVDwWqbfY";"TV";123
"s9ck7xx85mA";"TV";146
"DMtlv-BlKP4";"TV";637
"DRVDYOrVdlQ";"TV";40
"duMSovyosXE";"TV";752
"CoTLQiMZFbI";"TV";522
"5XxUVbLVdQE";"TV";114
"H3-evk6-qpQ";"TV";133
"vbg4Je1tuis";"TV";298
"8e8a3o1w51M";"TV";201
"pCgK-Ze3nhA";"TV";896
"dzJvTcCedm8";"TV";300
"WSnB5y2JXv8";"TV";178
"_bdHe3z_fVU";"TV";499
"Y3ahe3J3Zuo";"TV";81
"BxKIJL5baAU";"TV";75
"WX0nH-lEpk4";"TV";369
"DWjbd7NPUCM";"TV";148
"651eVDaL34o";"TV";88
"Z4E2jSZ4r6A";"TV";84
"RcQ8gE-1hSU";"TV";156
"oKi7rd16TjU";"TV";117
"2RZkc_qrV1g";"TV";89
"6jeSIRpjv0M";"TV";555
"2SGXnYFdqu4";"TV";229
"4NgQLqHI6hU";"TV";170
"BY0WV05IeNk";"TV";127
"8D6IbflW5OI";"TV";88
"2kmFfbOeFJg";"TV";139
"Ds8Twy4VvzU";"TV";262
"rXDomxfoY1o";"TV";388
"uwjOFYz-FxM";"TV";368
"4V-yeg4fva0";"TV";138
"JHuH7iGcPoY";"TV";168
"1UkDaiRGShM";"TV";294
"lFd2hjkKz_Q";"TV";493
"rLmZYThOJg0";"TV";33
"8JKgW9mS9WM";"TV";304
"LG-fdqSIFxE";"TV";258
"6ZM5uFFAd_w";"TV";97
"L2ELtem2iGY";"TV";157
"OIGGrrnMIgk";"TV";490
"2V9cLPXPemg";"TV";699
"r5WkPqu9E4E";"TV";12
"qeWN5gq9EE8";"TV";209
"T7ckdeGOhnU";"TV";169
"HEMARcoxhkI";"TV";90
"nvv4tPOY8lo";"TV";132
"NjdZjozKboA";"TV";181
"gc2X5L4Y5Xg";"TV";155
"YfdypVSYb9c";"TV";141
"6IHNYDy_Ynw";"TV";321
"U0YyIsqDWV4";"TV";90
"aus8JuVxajM";"TV";296
"_p9E8fiDRDw";"TV";154
"sepAWgLOCBI";"TV";140
"Uuo8AsMxqss";"TV";293
"QFADxSyXwwY";"TV";200
"fKygF7VEJnQ";"TV";137
"L1govVEBxDo";"TV";86
"OyvjGRnxCkw";"TV";199
"Wz0N0c3EzVg";"TV";74
"m4a2c55eXMU";"TV";143
"GvKYUgka_4Y";"TV";251
"AY_n9OWPgsk";"TV";65
"0v8DZuyM2GU";"TV";233
"_JMSw6i5pzY";"TV";155
"eXz0cLDRMyg";"TV";185
"xuBfK0oJmw8";"TV";66
"UFD5S4Peqc4";"TV";680
"HvPh2go8xJs";"TV";79
"151Quamk9Uo";"TV";170
"-3r5Amv8wdg";"TV";34
"VKkN-FF66Zw";"TV";617
"fcv3CHBItJo";"TV";1653
"P2hu_VsRVfM";"TV";201
"lOdLJx1zL7Y";"TV";368
"u7SyqTpLIJc";"TV";314
"wUzZChTlzdE";"TV";238
"ezGQ1YxfAOU";"TV";185
"ksSg7hhMDbU";"TV";77
"dcjQLZgoNA0";"TV";489
"uFhsqX_A6XA";"TV";205
"i1kCHZEhnEY";"TV";3472
"AZAL-QPn5Zc";"TV";540
"yP791KGnrek";"TV";94
"h6zprXwtmfg";"TV";68
"6_1XDU3I-50";"TV";90
"S2k2dxf_QWc";"TV";125
"kXgm7984oTs";"TV";147
"0Stq-erLMlo";"TV";53
"Wt7ee9-jJwk";"MOBILE";5713
"no0j59bcrW8";"MOBILE";1924
"4xapOrfLvbg";"MOBILE";9104
"XGbhdoiR-A8";"MOBILE";1084
"_GOIflxSlYI";"MOBILE";2757
"gNCTjoCu6k4";"MOBILE";962
"wG3J8lO9d5I";"MOBILE";2589
"HJr4mLYsnB8";"MOBILE";2373
"fLqvaWJtwhQ";"MOBILE";9269
"ZilC968Fc9c";"MOBILE";6150
"-tTYPCTciyU";"MOBILE";1555
"hilfglpKNRQ";"MOBILE";1508
"cTqFNg_y9lw";"MOBILE";2117
"IURWlw2_6Ks";"MOBILE";1899
"iyGBZsLxe54";"MOBILE";7427
"bDPGm3rP8WU";"MOBILE";1148
"AJxCCfFmLTQ";"MOBILE";4524
"EJwbwMB-fDQ";"MOBILE";2866
"ZlKMxbC4ehg";"MOBILE";2791
"icf7Hfj22vg";"MOBILE";3862
"8H9xM741hBQ";"MOBILE";3073
"DtOfcsS_pQw";"MOBILE";1554
"KJod3LG84bk";"MOBILE";2844
"Ax-jgwnolNI";"MOBILE";1583
"_8vw30ltFJ0";"MOBILE";2430
"oLZ7jTKG1fw";"MOBILE";1110
"7vCD8Zu686Q";"MOBILE";7254
"vWnMk3E1lIc";"MOBILE";4336
"XKmTknbusnY";"MOBILE";1961
"KngjlmJCpUs";"MOBILE";408
"gkMjAYFeSiM";"MOBILE";3247
"k_Z1Uu5y9l8";"MOBILE";475
"kJ37glO4wBY";"MOBILE";645
"RVcJ3O_O2Jg";"MOBILE";9654
"eNP36ozsnss";"MOBILE";1477
"SI0Oxt2Mu-Y";"MOBILE";1885
"S1kTTQARvVs";"MOBILE";1257
"dbZJLFI-t-Y";"MOBILE";3893
"X47XlpkMfe8";"MOBILE";5853
"bU35LnSfo70";"MOBILE";7065
"MXKDEyc-vtU";"MOBILE";1327
"O0VsTLDTjss";"MOBILE";1690
"Pk3uKEuLrUY";"MOBILE";1013
"A4iG8S4EpHs";"MOBILE";2251
"QBD4na6Aeq0";"MOBILE";750
"iyc74jnjKV8";"MOBILE";851
"uq5PQg_hZro";"MOBILE";2213
"ppQ0DdtBaCw";"MOBILE";1168
"t4kd-QY6Rh0";"MOBILE";2085
"fktQmk0a9OI";"MOBILE";1253
"A9yVhbgxgl8";"MOBILE";2555
"qZtfSNReft4";"MOBILE";516
"4pdzhKNwQlY";"MOBILE";7241
"9XsMt1TxNeM";"MOBILE";1371
"pEAwvMkpA8I";"MOBILE";4166
"T1q3BF5_YJ8";"MOBILE";3917
"VRQq7XVWdR8";"MOBILE";7156
"0TAapq8TnFQ";"MOBILE";1262
"KkUg3-R9kcA";"MOBILE";902
"Ka7Ds4EAjNQ";"MOBILE";4257
"KjUAEci6G20";"MOBILE";4366
"x-1NiopFC9g";"MOBILE";1636
"6M7AhO8vbNw";"MOBILE";1879
"syzA3PZx3qk";"MOBILE";4310
"nePWIVgHobs";"MOBILE";732
"UqTAJxp--c4";"MOBILE";736
"RnMrGaiVWtQ";"MOBILE";6566
"IZJijGvbZks";"MOBILE";465
"Ys11kq35rHU";"MOBILE";741
"PAX5GP9SkTA";"MOBILE";2079
"HRJRJ3D9cq8";"MOBILE";2423
"di_J3aFqY9E";"MOBILE";3531
"1VNfhqILnh8";"MOBILE";705
"cS1omlvorrk";"MOBILE";2716
"fTUw94veqfE";"MOBILE";2976
"cr9UBeZ3AvQ";"MOBILE";1506
"z7FBukPBKzg";"MOBILE";4534
"uuwxWnAILr0";"MOBILE";739
"Z40Txux1Lxk";"MOBILE";23947
"3QiTBXfxzHA";"MOBILE";2104
"EmALxO7V7y0";"MOBILE";22077
"TEmNcM6OnSc";"MOBILE";502
"YeI_n8myE68";"MOBILE";1238
"Anv3X3EuHZ8";"MOBILE";2695
"-kOvK7IV3sg";"MOBILE";1015
"FO6e3rjSslQ";"MOBILE";1834
"TRdVDwWqbfY";"MOBILE";1077
"s9ck7xx85mA";"MOBILE";1844
"DMtlv-BlKP4";"MOBILE";8764
"DRVDYOrVdlQ";"MOBILE";331
"duMSovyosXE";"MOBILE";10738
"CoTLQiMZFbI";"MOBILE";8701
"5XxUVbLVdQE";"MOBILE";1480
"H3-evk6-qpQ";"MOBILE";1169
"vbg4Je1tuis";"MOBILE";2726
"8e8a3o1w51M";"MOBILE";3097
"pCgK-Ze3nhA";"MOBILE";12352
"dzJvTcCedm8";"MOBILE";5782
"WSnB5y2JXv8";"MOBILE";2115
"_bdHe3z_fVU";"MOBILE";8716
"Y3ahe3J3Zuo";"MOBILE";1136
"BxKIJL5baAU";"MOBILE";815
"WX0nH-lEpk4";"MOBILE";4305
"DWjbd7NPUCM";"MOBILE";5020
"651eVDaL34o";"MOBILE";936
"Z4E2jSZ4r6A";"MOBILE";849
"RcQ8gE-1hSU";"MOBILE";2284
"oKi7rd16TjU";"MOBILE";1574
"2RZkc_qrV1g";"MOBILE";899
"6jeSIRpjv0M";"MOBILE";10748
"2SGXnYFdqu4";"MOBILE";2966
"4NgQLqHI6hU";"MOBILE";3013
"BY0WV05IeNk";"MOBILE";2448
"8D6IbflW5OI";"MOBILE";962
"2kmFfbOeFJg";"MOBILE";1952
"Ds8Twy4VvzU";"MOBILE";3217
"rXDomxfoY1o";"MOBILE";5899
"uwjOFYz-FxM";"MOBILE";4017
"4V-yeg4fva0";"MOBILE";1667
"JHuH7iGcPoY";"MOBILE";2205
"1UkDaiRGShM";"MOBILE";3494
"lFd2hjkKz_Q";"MOBILE";7696
"rLmZYThOJg0";"MOBILE";233
"8JKgW9mS9WM";"MOBILE";1380
"LG-fdqSIFxE";"MOBILE";2474
"6ZM5uFFAd_w";"MOBILE";1080
"L2ELtem2iGY";"MOBILE";1985
"OIGGrrnMIgk";"MOBILE";6328
"2V9cLPXPemg";"MOBILE";6738
"r5WkPqu9E4E";"MOBILE";229
"qeWN5gq9EE8";"MOBILE";5076
"T7ckdeGOhnU";"MOBILE";1595
"HEMARcoxhkI";"MOBILE";1327
"nvv4tPOY8lo";"MOBILE";1001
"NjdZjozKboA";"MOBILE";3405
"gc2X5L4Y5Xg";"MOBILE";1561
"YfdypVSYb9c";"MOBILE";1302
"6IHNYDy_Ynw";"MOBILE";4356
"U0YyIsqDWV4";"MOBILE";1097
"aus8JuVxajM";"MOBILE";3706
"_p9E8fiDRDw";"MOBILE";2208
"sepAWgLOCBI";"MOBILE";2262
"Uuo8AsMxqss";"MOBILE";4098
"QFADxSyXwwY";"MOBILE";2971
"fKygF7VEJnQ";"MOBILE";1724
"L1govVEBxDo";"MOBILE";1086
"OyvjGRnxCkw";"MOBILE";4585
"Wz0N0c3EzVg";"MOBILE";812
"m4a2c55eXMU";"MOBILE";2152
"GvKYUgka_4Y";"MOBILE";3968
"AY_n9OWPgsk";"MOBILE";790
"0v8DZuyM2GU";"MOBILE";2162
"_JMSw6i5pzY";"MOBILE";2500
"eXz0cLDRMyg";"MOBILE";1979
"xuBfK0oJmw8";"MOBILE";998
"UFD5S4Peqc4";"MOBILE";8435
"HvPh2go8xJs";"MOBILE";433
"151Quamk9Uo";"MOBILE";2393
"-3r5Amv8wdg";"MOBILE";398
"VKkN-FF66Zw";"MOBILE";6384
"fcv3CHBItJo";"MOBILE";19048
"P2hu_VsRVfM";"MOBILE";3399
"lOdLJx1zL7Y";"MOBILE";5347
"u7SyqTpLIJc";"MOBILE";3324
"wUzZChTlzdE";"MOBILE";2658
"ezGQ1YxfAOU";"MOBILE";1753
"ksSg7hhMDbU";"MOBILE";1445
"dcjQLZgoNA0";"MOBILE";8764
"uFhsqX_A6XA";"MOBILE";2622
"i1kCHZEhnEY";"MOBILE";24902
"AZAL-QPn5Zc";"MOBILE";5846
"yP791KGnrek";"MOBILE";802
"h6zprXwtmfg";"MOBILE";557
"6_1XDU3I-50";"MOBILE";1177
"S2k2dxf_QWc";"MOBILE";1512
"kXgm7984oTs";"MOBILE";1176
"0Stq-erLMlo";"MOBILE";450
"Wt7ee9-jJwk";"GAME_CONSOLE";12
"no0j59bcrW8";"GAME_CONSOLE";2
"4xapOrfLvbg";"GAME_CONSOLE";15
"XGbhdoiR-A8";"GAME_CONSOLE";3
"_GOIflxSlYI";"GAME_CONSOLE";12
"gNCTjoCu6k4";"GAME_CONSOLE";3
"wG3J8lO9d5I";"GAME_CONSOLE";8
"HJr4mLYsnB8";"GAME_CONSOLE";3
"fLqvaWJtwhQ";"GAME_CONSOLE";32
"ZilC968Fc9c";"GAME_CONSOLE";13
"-tTYPCTciyU";"GAME_CONSOLE";8
"hilfglpKNRQ";"GAME_CONSOLE";4
"cTqFNg_y9lw";"GAME_CONSOLE";10
"IURWlw2_6Ks";"GAME_CONSOLE";5
"iyGBZsLxe54";"GAME_CONSOLE";22
"bDPGm3rP8WU";"GAME_CONSOLE";12
"AJxCCfFmLTQ";"GAME_CONSOLE";9
"EJwbwMB-fDQ";"GAME_CONSOLE";5
"ZlKMxbC4ehg";"GAME_CONSOLE";10
"icf7Hfj22vg";"GAME_CONSOLE";19
"8H9xM741hBQ";"GAME_CONSOLE";11
"DtOfcsS_pQw";"GAME_CONSOLE";6
"KJod3LG84bk";"GAME_CONSOLE";15
"Ax-jgwnolNI";"GAME_CONSOLE";8
"_8vw30ltFJ0";"GAME_CONSOLE";12
"oLZ7jTKG1fw";"GAME_CONSOLE";10
"7vCD8Zu686Q";"GAME_CONSOLE";9
"vWnMk3E1lIc";"GAME_CONSOLE";6
"XKmTknbusnY";"GAME_CONSOLE";5
"KngjlmJCpUs";"GAME_CONSOLE";2
"gkMjAYFeSiM";"GAME_CONSOLE";6
"k_Z1Uu5y9l8";"GAME_CONSOLE";3
"kJ37glO4wBY";"GAME_CONSOLE";4
"RVcJ3O_O2Jg";"GAME_CONSOLE";22
"eNP36ozsnss";"GAME_CONSOLE";3
"SI0Oxt2Mu-Y";"GAME_CONSOLE";4
"S1kTTQARvVs";"GAME_CONSOLE";6
"dbZJLFI-t-Y";"GAME_CONSOLE";15
"X47XlpkMfe8";"GAME_CONSOLE";27
"bU35LnSfo70";"GAME_CONSOLE";23
"MXKDEyc-vtU";"GAME_CONSOLE";5
"O0VsTLDTjss";"GAME_CONSOLE";5
"Pk3uKEuLrUY";"GAME_CONSOLE";4
"A4iG8S4EpHs";"GAME_CONSOLE";10
"QBD4na6Aeq0";"GAME_CONSOLE";3
"iyc74jnjKV8";"GAME_CONSOLE";1
"uq5PQg_hZro";"GAME_CONSOLE";13
"ppQ0DdtBaCw";"GAME_CONSOLE";10
"t4kd-QY6Rh0";"GAME_CONSOLE";9
"fktQmk0a9OI";"GAME_CONSOLE";5
"A9yVhbgxgl8";"GAME_CONSOLE";12
"qZtfSNReft4";"GAME_CONSOLE";2
"4pdzhKNwQlY";"GAME_CONSOLE";21
"9XsMt1TxNeM";"GAME_CONSOLE";22
"pEAwvMkpA8I";"GAME_CONSOLE";13
"T1q3BF5_YJ8";"GAME_CONSOLE";13
"VRQq7XVWdR8";"GAME_CONSOLE";27
"0TAapq8TnFQ";"GAME_CONSOLE";16
"KkUg3-R9kcA";"GAME_CONSOLE";5
"Ka7Ds4EAjNQ";"GAME_CONSOLE";12
"KjUAEci6G20";"GAME_CONSOLE";18
"x-1NiopFC9g";"GAME_CONSOLE";2
"6M7AhO8vbNw";"GAME_CONSOLE";7
"syzA3PZx3qk";"GAME_CONSOLE";18
"nePWIVgHobs";"GAME_CONSOLE";2
"UqTAJxp--c4";"GAME_CONSOLE";1
"RnMrGaiVWtQ";"GAME_CONSOLE";30
"IZJijGvbZks";"GAME_CONSOLE";2
"PAX5GP9SkTA";"GAME_CONSOLE";17
"HRJRJ3D9cq8";"GAME_CONSOLE";9
"di_J3aFqY9E";"GAME_CONSOLE";11
"1VNfhqILnh8";"GAME_CONSOLE";2
"cS1omlvorrk";"GAME_CONSOLE";16
"fTUw94veqfE";"GAME_CONSOLE";7
"cr9UBeZ3AvQ";"GAME_CONSOLE";6
"z7FBukPBKzg";"GAME_CONSOLE";14
"Z40Txux1Lxk";"GAME_CONSOLE";126
"3QiTBXfxzHA";"GAME_CONSOLE";6
"EmALxO7V7y0";"GAME_CONSOLE";101
"TEmNcM6OnSc";"GAME_CONSOLE";4
"YeI_n8myE68";"GAME_CONSOLE";4
"Anv3X3EuHZ8";"GAME_CONSOLE";11
"-kOvK7IV3sg";"GAME_CONSOLE";6
"FO6e3rjSslQ";"GAME_CONSOLE";3
"TRdVDwWqbfY";"GAME_CONSOLE";3
"s9ck7xx85mA";"GAME_CONSOLE";6
"DMtlv-BlKP4";"GAME_CONSOLE";36
"DRVDYOrVdlQ";"GAME_CONSOLE";1
"duMSovyosXE";"GAME_CONSOLE";35
"CoTLQiMZFbI";"GAME_CONSOLE";20
"5XxUVbLVdQE";"GAME_CONSOLE";4
"H3-evk6-qpQ";"GAME_CONSOLE";2
"vbg4Je1tuis";"GAME_CONSOLE";9
"8e8a3o1w51M";"GAME_CONSOLE";6
"pCgK-Ze3nhA";"GAME_CONSOLE";28
"dzJvTcCedm8";"GAME_CONSOLE";11
"WSnB5y2JXv8";"GAME_CONSOLE";8
"_bdHe3z_fVU";"GAME_CONSOLE";12
"Y3ahe3J3Zuo";"GAME_CONSOLE";3
"BxKIJL5baAU";"GAME_CONSOLE";3
"WX0nH-lEpk4";"GAME_CONSOLE";16
"DWjbd7NPUCM";"GAME_CONSOLE";17
"651eVDaL34o";"GAME_CONSOLE";5
"Z4E2jSZ4r6A";"GAME_CONSOLE";8
"RcQ8gE-1hSU";"GAME_CONSOLE";6
"oKi7rd16TjU";"GAME_CONSOLE";2
"2RZkc_qrV1g";"GAME_CONSOLE";2
"6jeSIRpjv0M";"GAME_CONSOLE";20
"2SGXnYFdqu4";"GAME_CONSOLE";10
"4NgQLqHI6hU";"GAME_CONSOLE";7
"BY0WV05IeNk";"GAME_CONSOLE";2
"8D6IbflW5OI";"GAME_CONSOLE";7
"2kmFfbOeFJg";"GAME_CONSOLE";5
"Ds8Twy4VvzU";"GAME_CONSOLE";5
"rXDomxfoY1o";"GAME_CONSOLE";16
"uwjOFYz-FxM";"GAME_CONSOLE";10
"4V-yeg4fva0";"GAME_CONSOLE";2
"JHuH7iGcPoY";"GAME_CONSOLE";4
"1UkDaiRGShM";"GAME_CONSOLE";12
"lFd2hjkKz_Q";"GAME_CONSOLE";18
"rLmZYThOJg0";"GAME_CONSOLE";3
"8JKgW9mS9WM";"GAME_CONSOLE";20
"LG-fdqSIFxE";"GAME_CONSOLE";5
"6ZM5uFFAd_w";"GAME_CONSOLE";2
"L2ELtem2iGY";"GAME_CONSOLE";5
"OIGGrrnMIgk";"GAME_CONSOLE";21
"2V9cLPXPemg";"GAME_CONSOLE";22
"r5WkPqu9E4E";"GAME_CONSOLE";3
"qeWN5gq9EE8";"GAME_CONSOLE";9
"T7ckdeGOhnU";"GAME_CONSOLE";5
"HEMARcoxhkI";"GAME_CONSOLE";3
"nvv4tPOY8lo";"GAME_CONSOLE";4
"NjdZjozKboA";"GAME_CONSOLE";14
"gc2X5L4Y5Xg";"GAME_CONSOLE";1
"YfdypVSYb9c";"GAME_CONSOLE";3
"6IHNYDy_Ynw";"GAME_CONSOLE";12
"U0YyIsqDWV4";"GAME_CONSOLE";4
"aus8JuVxajM";"GAME_CONSOLE";23
"_p9E8fiDRDw";"GAME_CONSOLE";6
"sepAWgLOCBI";"GAME_CONSOLE";5
"Uuo8AsMxqss";"GAME_CONSOLE";13
"QFADxSyXwwY";"GAME_CONSOLE";12
"fKygF7VEJnQ";"GAME_CONSOLE";2
"L1govVEBxDo";"GAME_CONSOLE";3
"OyvjGRnxCkw";"GAME_CONSOLE";2
"Wz0N0c3EzVg";"GAME_CONSOLE";2
"m4a2c55eXMU";"GAME_CONSOLE";5
"GvKYUgka_4Y";"GAME_CONSOLE";7
"AY_n9OWPgsk";"GAME_CONSOLE";1
"0v8DZuyM2GU";"GAME_CONSOLE";16
"_JMSw6i5pzY";"GAME_CONSOLE";10
"eXz0cLDRMyg";"GAME_CONSOLE";10
"xuBfK0oJmw8";"GAME_CONSOLE";2
"UFD5S4Peqc4";"GAME_CONSOLE";13
"HvPh2go8xJs";"GAME_CONSOLE";4
"151Quamk9Uo";"GAME_CONSOLE";7
"-3r5Amv8wdg";"GAME_CONSOLE";2
"VKkN-FF66Zw";"GAME_CONSOLE";27
"fcv3CHBItJo";"GAME_CONSOLE";76
"P2hu_VsRVfM";"GAME_CONSOLE";51
"lOdLJx1zL7Y";"GAME_CONSOLE";21
"u7SyqTpLIJc";"GAME_CONSOLE";10
"wUzZChTlzdE";"GAME_CONSOLE";7
"ezGQ1YxfAOU";"GAME_CONSOLE";4
"ksSg7hhMDbU";"GAME_CONSOLE";5
"dcjQLZgoNA0";"GAME_CONSOLE";25
"uFhsqX_A6XA";"GAME_CONSOLE";4
"i1kCHZEhnEY";"GAME_CONSOLE";125
"AZAL-QPn5Zc";"GAME_CONSOLE";9
"yP791KGnrek";"GAME_CONSOLE";6
"6_1XDU3I-50";"GAME_CONSOLE";4
"S2k2dxf_QWc";"GAME_CONSOLE";8
"kXgm7984oTs";"GAME_CONSOLE";3
"0Stq-erLMlo";"GAME_CONSOLE";1
