videoID;trafficSource;views
"Wt7ee9-jJwk";"YT_PLAYLIST_PAGE";20
"no0j59bcrW8";"YT_PLAYLIST_PAGE";6
"4xapOrfLvbg";"YT_PLAYLIST_PAGE";152
"XGbhdoiR-A8";"YT_PLAYLIST_PAGE";34
"_GOIflxSlYI";"YT_PLAYLIST_PAGE";33
"gNCTjoCu6k4";"YT_PLAYLIST_PAGE";23
"wG3J8lO9d5I";"YT_PLAYLIST_PAGE";96
"HJr4mLYsnB8";"YT_PLAYLIST_PAGE";87
"fLqvaWJtwhQ";"YT_PLAYLIST_PAGE";488
"ZilC968Fc9c";"YT_PLAYLIST_PAGE";323
"-tTYPCTciyU";"YT_PLAYLIST_PAGE";32
"hilfglpKNRQ";"YT_PLAYLIST_PAGE";30
"cTqFNg_y9lw";"YT_PLAYLIST_PAGE";111
"IURWlw2_6Ks";"YT_PLAYLIST_PAGE";127
"iyGBZsLxe54";"YT_PLAYLIST_PAGE";175
"bDPGm3rP8WU";"YT_PLAYLIST_PAGE";135
"AJxCCfFmLTQ";"YT_PLAYLIST_PAGE";103
"EJwbwMB-fDQ";"YT_PLAYLIST_PAGE";53
"ZlKMxbC4ehg";"YT_PLAYLIST_PAGE";59
"icf7Hfj22vg";"YT_PLAYLIST_PAGE";501
"8H9xM741hBQ";"YT_PLAYLIST_PAGE";287
"DtOfcsS_pQw";"YT_PLAYLIST_PAGE";65
"KJod3LG84bk";"YT_PLAYLIST_PAGE";46
"Ax-jgwnolNI";"YT_PLAYLIST_PAGE";163
"_8vw30ltFJ0";"YT_PLAYLIST_PAGE";322
"oLZ7jTKG1fw";"YT_PLAYLIST_PAGE";142
"7vCD8Zu686Q";"YT_PLAYLIST_PAGE";63
"vWnMk3E1lIc";"YT_PLAYLIST_PAGE";263
"XKmTknbusnY";"YT_PLAYLIST_PAGE";48
"KngjlmJCpUs";"YT_PLAYLIST_PAGE";5
"gkMjAYFeSiM";"YT_PLAYLIST_PAGE";25
"k_Z1Uu5y9l8";"YT_PLAYLIST_PAGE";162
"kJ37glO4wBY";"YT_PLAYLIST_PAGE";186
"RVcJ3O_O2Jg";"YT_PLAYLIST_PAGE";224
"eNP36ozsnss";"YT_PLAYLIST_PAGE";24
"SI0Oxt2Mu-Y";"YT_PLAYLIST_PAGE";24
"S1kTTQARvVs";"YT_PLAYLIST_PAGE";89
"dbZJLFI-t-Y";"YT_PLAYLIST_PAGE";166
"X47XlpkMfe8";"YT_PLAYLIST_PAGE";270
"bU35LnSfo70";"YT_PLAYLIST_PAGE";374
"MXKDEyc-vtU";"YT_PLAYLIST_PAGE";267
"O0VsTLDTjss";"YT_PLAYLIST_PAGE";34
"Pk3uKEuLrUY";"YT_PLAYLIST_PAGE";45
"A4iG8S4EpHs";"YT_PLAYLIST_PAGE";86
"QBD4na6Aeq0";"YT_PLAYLIST_PAGE";127
"iyc74jnjKV8";"YT_PLAYLIST_PAGE";9
"uq5PQg_hZro";"YT_PLAYLIST_PAGE";81
"ppQ0DdtBaCw";"YT_PLAYLIST_PAGE";42
"t4kd-QY6Rh0";"YT_PLAYLIST_PAGE";42
"fktQmk0a9OI";"YT_PLAYLIST_PAGE";25
"A9yVhbgxgl8";"YT_PLAYLIST_PAGE";380
"qZtfSNReft4";"YT_PLAYLIST_PAGE";4
"4pdzhKNwQlY";"YT_PLAYLIST_PAGE";369
"9XsMt1TxNeM";"YT_PLAYLIST_PAGE";785
"pEAwvMkpA8I";"YT_PLAYLIST_PAGE";164
"T1q3BF5_YJ8";"YT_PLAYLIST_PAGE";58
"VRQq7XVWdR8";"YT_PLAYLIST_PAGE";235
"0TAapq8TnFQ";"YT_PLAYLIST_PAGE";322
"KkUg3-R9kcA";"YT_PLAYLIST_PAGE";254
"Ka7Ds4EAjNQ";"YT_PLAYLIST_PAGE";146
"KjUAEci6G20";"YT_PLAYLIST_PAGE";294
"x-1NiopFC9g";"YT_PLAYLIST_PAGE";54
"6M7AhO8vbNw";"YT_PLAYLIST_PAGE";46
"syzA3PZx3qk";"YT_PLAYLIST_PAGE";946
"nePWIVgHobs";"YT_PLAYLIST_PAGE";131
"UqTAJxp--c4";"YT_PLAYLIST_PAGE";3
"RnMrGaiVWtQ";"YT_PLAYLIST_PAGE";530
"IZJijGvbZks";"YT_PLAYLIST_PAGE";10
"Ys11kq35rHU";"YT_PLAYLIST_PAGE";12
"PAX5GP9SkTA";"YT_PLAYLIST_PAGE";11
"HRJRJ3D9cq8";"YT_PLAYLIST_PAGE";97
"di_J3aFqY9E";"YT_PLAYLIST_PAGE";271
"1VNfhqILnh8";"YT_PLAYLIST_PAGE";12
"cS1omlvorrk";"YT_PLAYLIST_PAGE";367
"fTUw94veqfE";"YT_PLAYLIST_PAGE";58
"cr9UBeZ3AvQ";"YT_PLAYLIST_PAGE";58
"z7FBukPBKzg";"YT_PLAYLIST_PAGE";271
"uuwxWnAILr0";"YT_PLAYLIST_PAGE";13
"Z40Txux1Lxk";"YT_PLAYLIST_PAGE";938
"3QiTBXfxzHA";"YT_PLAYLIST_PAGE";241
"EmALxO7V7y0";"YT_PLAYLIST_PAGE";451
"TEmNcM6OnSc";"YT_PLAYLIST_PAGE";2
"YeI_n8myE68";"YT_PLAYLIST_PAGE";45
"Anv3X3EuHZ8";"YT_PLAYLIST_PAGE";170
"-kOvK7IV3sg";"YT_PLAYLIST_PAGE";162
"FO6e3rjSslQ";"YT_PLAYLIST_PAGE";70
"TRdVDwWqbfY";"YT_PLAYLIST_PAGE";236
"s9ck7xx85mA";"YT_PLAYLIST_PAGE";58
"DMtlv-BlKP4";"YT_PLAYLIST_PAGE";1101
"DRVDYOrVdlQ";"YT_PLAYLIST_PAGE";3
"duMSovyosXE";"YT_PLAYLIST_PAGE";269
"CoTLQiMZFbI";"YT_PLAYLIST_PAGE";319
"5XxUVbLVdQE";"YT_PLAYLIST_PAGE";74
"H3-evk6-qpQ";"YT_PLAYLIST_PAGE";18
"vbg4Je1tuis";"YT_PLAYLIST_PAGE";57
"8e8a3o1w51M";"YT_PLAYLIST_PAGE";66
"pCgK-Ze3nhA";"YT_PLAYLIST_PAGE";574
"dzJvTcCedm8";"YT_PLAYLIST_PAGE";268
"WSnB5y2JXv8";"YT_PLAYLIST_PAGE";177
"_bdHe3z_fVU";"YT_PLAYLIST_PAGE";278
"Y3ahe3J3Zuo";"YT_PLAYLIST_PAGE";26
"BxKIJL5baAU";"YT_PLAYLIST_PAGE";29
"WX0nH-lEpk4";"YT_PLAYLIST_PAGE";166
"DWjbd7NPUCM";"YT_PLAYLIST_PAGE";28
"651eVDaL34o";"YT_PLAYLIST_PAGE";52
"Z4E2jSZ4r6A";"YT_PLAYLIST_PAGE";28
"RcQ8gE-1hSU";"YT_PLAYLIST_PAGE";95
"oKi7rd16TjU";"YT_PLAYLIST_PAGE";119
"2RZkc_qrV1g";"YT_PLAYLIST_PAGE";41
"6jeSIRpjv0M";"YT_PLAYLIST_PAGE";435
"2SGXnYFdqu4";"YT_PLAYLIST_PAGE";112
"4NgQLqHI6hU";"YT_PLAYLIST_PAGE";215
"BY0WV05IeNk";"YT_PLAYLIST_PAGE";37
"8D6IbflW5OI";"YT_PLAYLIST_PAGE";6
"2kmFfbOeFJg";"YT_PLAYLIST_PAGE";61
"Ds8Twy4VvzU";"YT_PLAYLIST_PAGE";133
"rXDomxfoY1o";"YT_PLAYLIST_PAGE";268
"uwjOFYz-FxM";"YT_PLAYLIST_PAGE";60
"4V-yeg4fva0";"YT_PLAYLIST_PAGE";326
"JHuH7iGcPoY";"YT_PLAYLIST_PAGE";68
"1UkDaiRGShM";"YT_PLAYLIST_PAGE";132
"lFd2hjkKz_Q";"YT_PLAYLIST_PAGE";834
"rLmZYThOJg0";"YT_PLAYLIST_PAGE";1
"8JKgW9mS9WM";"YT_PLAYLIST_PAGE";1120
"LG-fdqSIFxE";"YT_PLAYLIST_PAGE";70
"6ZM5uFFAd_w";"YT_PLAYLIST_PAGE";17
"L2ELtem2iGY";"YT_PLAYLIST_PAGE";43
"OIGGrrnMIgk";"YT_PLAYLIST_PAGE";620
"2V9cLPXPemg";"YT_PLAYLIST_PAGE";866
"r5WkPqu9E4E";"YT_PLAYLIST_PAGE";3
"qeWN5gq9EE8";"YT_PLAYLIST_PAGE";85
"T7ckdeGOhnU";"YT_PLAYLIST_PAGE";177
"HEMARcoxhkI";"YT_PLAYLIST_PAGE";143
"nvv4tPOY8lo";"YT_PLAYLIST_PAGE";22
"NjdZjozKboA";"YT_PLAYLIST_PAGE";295
"gc2X5L4Y5Xg";"YT_PLAYLIST_PAGE";255
"YfdypVSYb9c";"YT_PLAYLIST_PAGE";215
"6IHNYDy_Ynw";"YT_PLAYLIST_PAGE";338
"U0YyIsqDWV4";"YT_PLAYLIST_PAGE";25
"aus8JuVxajM";"YT_PLAYLIST_PAGE";472
"_p9E8fiDRDw";"YT_PLAYLIST_PAGE";148
"sepAWgLOCBI";"YT_PLAYLIST_PAGE";181
"Uuo8AsMxqss";"YT_PLAYLIST_PAGE";171
"QFADxSyXwwY";"YT_PLAYLIST_PAGE";110
"fKygF7VEJnQ";"YT_PLAYLIST_PAGE";70
"L1govVEBxDo";"YT_PLAYLIST_PAGE";40
"OyvjGRnxCkw";"YT_PLAYLIST_PAGE";66
"Wz0N0c3EzVg";"YT_PLAYLIST_PAGE";11
"m4a2c55eXMU";"YT_PLAYLIST_PAGE";57
"GvKYUgka_4Y";"YT_PLAYLIST_PAGE";113
"AY_n9OWPgsk";"YT_PLAYLIST_PAGE";174
"0v8DZuyM2GU";"YT_PLAYLIST_PAGE";253
"_JMSw6i5pzY";"YT_PLAYLIST_PAGE";86
"eXz0cLDRMyg";"YT_PLAYLIST_PAGE";71
"xuBfK0oJmw8";"YT_PLAYLIST_PAGE";35
"UFD5S4Peqc4";"YT_PLAYLIST_PAGE";108
"HvPh2go8xJs";"YT_PLAYLIST_PAGE";94
"151Quamk9Uo";"YT_PLAYLIST_PAGE";293
"-3r5Amv8wdg";"YT_PLAYLIST_PAGE";4
"VKkN-FF66Zw";"YT_PLAYLIST_PAGE";357
"fcv3CHBItJo";"YT_PLAYLIST_PAGE";1350
"P2hu_VsRVfM";"YT_PLAYLIST_PAGE";335
"lOdLJx1zL7Y";"YT_PLAYLIST_PAGE";190
"u7SyqTpLIJc";"YT_PLAYLIST_PAGE";245
"wUzZChTlzdE";"YT_PLAYLIST_PAGE";70
"ezGQ1YxfAOU";"YT_PLAYLIST_PAGE";25
"ksSg7hhMDbU";"YT_PLAYLIST_PAGE";80
"dcjQLZgoNA0";"YT_PLAYLIST_PAGE";343
"uFhsqX_A6XA";"YT_PLAYLIST_PAGE";245
"i1kCHZEhnEY";"YT_PLAYLIST_PAGE";463
"AZAL-QPn5Zc";"YT_PLAYLIST_PAGE";131
"yP791KGnrek";"YT_PLAYLIST_PAGE";49
"h6zprXwtmfg";"YT_PLAYLIST_PAGE";9
"6_1XDU3I-50";"YT_PLAYLIST_PAGE";61
"S2k2dxf_QWc";"YT_PLAYLIST_PAGE";31
"kXgm7984oTs";"YT_PLAYLIST_PAGE";2
"0Stq-erLMlo";"YT_PLAYLIST_PAGE";4
"Wt7ee9-jJwk";"YT_CHANNEL";214
"no0j59bcrW8";"YT_CHANNEL";157
"4xapOrfLvbg";"YT_CHANNEL";419
"XGbhdoiR-A8";"YT_CHANNEL";309
"_GOIflxSlYI";"YT_CHANNEL";940
"gNCTjoCu6k4";"YT_CHANNEL";338
"wG3J8lO9d5I";"YT_CHANNEL";356
"HJr4mLYsnB8";"YT_CHANNEL";422
"fLqvaWJtwhQ";"YT_CHANNEL";686
"ZilC968Fc9c";"YT_CHANNEL";461
"-tTYPCTciyU";"YT_CHANNEL";377
"hilfglpKNRQ";"YT_CHANNEL";338
"cTqFNg_y9lw";"YT_CHANNEL";870
"IURWlw2_6Ks";"YT_CHANNEL";474
"iyGBZsLxe54";"YT_CHANNEL";606
"bDPGm3rP8WU";"YT_CHANNEL";182
"AJxCCfFmLTQ";"YT_CHANNEL";457
"EJwbwMB-fDQ";"YT_CHANNEL";555
"ZlKMxbC4ehg";"YT_CHANNEL";347
"icf7Hfj22vg";"YT_CHANNEL";445
"8H9xM741hBQ";"YT_CHANNEL";257
"DtOfcsS_pQw";"YT_CHANNEL";333
"KJod3LG84bk";"YT_CHANNEL";343
"Ax-jgwnolNI";"YT_CHANNEL";310
"_8vw30ltFJ0";"YT_CHANNEL";451
"oLZ7jTKG1fw";"YT_CHANNEL";297
"7vCD8Zu686Q";"YT_CHANNEL";696
"vWnMk3E1lIc";"YT_CHANNEL";268
"XKmTknbusnY";"YT_CHANNEL";381
"KngjlmJCpUs";"YT_CHANNEL";178
"gkMjAYFeSiM";"YT_CHANNEL";381
"k_Z1Uu5y9l8";"YT_CHANNEL";211
"kJ37glO4wBY";"YT_CHANNEL";192
"RVcJ3O_O2Jg";"YT_CHANNEL";376
"eNP36ozsnss";"YT_CHANNEL";342
"SI0Oxt2Mu-Y";"YT_CHANNEL";324
"S1kTTQARvVs";"YT_CHANNEL";493
"dbZJLFI-t-Y";"YT_CHANNEL";276
"X47XlpkMfe8";"YT_CHANNEL";1284
"bU35LnSfo70";"YT_CHANNEL";529
"MXKDEyc-vtU";"YT_CHANNEL";544
"O0VsTLDTjss";"YT_CHANNEL";469
"Pk3uKEuLrUY";"YT_CHANNEL";348
"A4iG8S4EpHs";"YT_CHANNEL";629
"QBD4na6Aeq0";"YT_CHANNEL";219
"iyc74jnjKV8";"YT_CHANNEL";255
"uq5PQg_hZro";"YT_CHANNEL";357
"ppQ0DdtBaCw";"YT_CHANNEL";405
"t4kd-QY6Rh0";"YT_CHANNEL";407
"fktQmk0a9OI";"YT_CHANNEL";342
"A9yVhbgxgl8";"YT_CHANNEL";489
"qZtfSNReft4";"YT_CHANNEL";14795
"4pdzhKNwQlY";"YT_CHANNEL";1284
"9XsMt1TxNeM";"YT_CHANNEL";4382
"pEAwvMkpA8I";"YT_CHANNEL";486
"T1q3BF5_YJ8";"YT_CHANNEL";526
"VRQq7XVWdR8";"YT_CHANNEL";429
"0TAapq8TnFQ";"YT_CHANNEL";418
"KkUg3-R9kcA";"YT_CHANNEL";320
"Ka7Ds4EAjNQ";"YT_CHANNEL";339
"KjUAEci6G20";"YT_CHANNEL";364
"x-1NiopFC9g";"YT_CHANNEL";290
"6M7AhO8vbNw";"YT_CHANNEL";470
"syzA3PZx3qk";"YT_CHANNEL";3194
"nePWIVgHobs";"YT_CHANNEL";727
"UqTAJxp--c4";"YT_CHANNEL";189
"RnMrGaiVWtQ";"YT_CHANNEL";574
"IZJijGvbZks";"YT_CHANNEL";153
"Ys11kq35rHU";"YT_CHANNEL";351
"PAX5GP9SkTA";"YT_CHANNEL";173
"HRJRJ3D9cq8";"YT_CHANNEL";504
"di_J3aFqY9E";"YT_CHANNEL";376
"1VNfhqILnh8";"YT_CHANNEL";183
"cS1omlvorrk";"YT_CHANNEL";495
"fTUw94veqfE";"YT_CHANNEL";520
"cr9UBeZ3AvQ";"YT_CHANNEL";402
"z7FBukPBKzg";"YT_CHANNEL";295
"uuwxWnAILr0";"YT_CHANNEL";235
"Z40Txux1Lxk";"YT_CHANNEL";1165
"3QiTBXfxzHA";"YT_CHANNEL";313
"EmALxO7V7y0";"YT_CHANNEL";1236
"TEmNcM6OnSc";"YT_CHANNEL";402
"YeI_n8myE68";"YT_CHANNEL";389
"Anv3X3EuHZ8";"YT_CHANNEL";256
"-kOvK7IV3sg";"YT_CHANNEL";345
"FO6e3rjSslQ";"YT_CHANNEL";664
"TRdVDwWqbfY";"YT_CHANNEL";313
"s9ck7xx85mA";"YT_CHANNEL";441
"DMtlv-BlKP4";"YT_CHANNEL";1855
"DRVDYOrVdlQ";"YT_CHANNEL";342
"duMSovyosXE";"YT_CHANNEL";612
"CoTLQiMZFbI";"YT_CHANNEL";615
"5XxUVbLVdQE";"YT_CHANNEL";384
"H3-evk6-qpQ";"YT_CHANNEL";277
"vbg4Je1tuis";"YT_CHANNEL";428
"8e8a3o1w51M";"YT_CHANNEL";515
"pCgK-Ze3nhA";"YT_CHANNEL";681
"dzJvTcCedm8";"YT_CHANNEL";301
"WSnB5y2JXv8";"YT_CHANNEL";610
"_bdHe3z_fVU";"YT_CHANNEL";611
"Y3ahe3J3Zuo";"YT_CHANNEL";254
"BxKIJL5baAU";"YT_CHANNEL";328
"WX0nH-lEpk4";"YT_CHANNEL";334
"DWjbd7NPUCM";"YT_CHANNEL";272
"651eVDaL34o";"YT_CHANNEL";303
"Z4E2jSZ4r6A";"YT_CHANNEL";386
"RcQ8gE-1hSU";"YT_CHANNEL";148
"oKi7rd16TjU";"YT_CHANNEL";564
"2RZkc_qrV1g";"YT_CHANNEL";443
"6jeSIRpjv0M";"YT_CHANNEL";967
"2SGXnYFdqu4";"YT_CHANNEL";719
"4NgQLqHI6hU";"YT_CHANNEL";362
"BY0WV05IeNk";"YT_CHANNEL";287
"8D6IbflW5OI";"YT_CHANNEL";401
"2kmFfbOeFJg";"YT_CHANNEL";254
"Ds8Twy4VvzU";"YT_CHANNEL";633
"rXDomxfoY1o";"YT_CHANNEL";300
"uwjOFYz-FxM";"YT_CHANNEL";411
"4V-yeg4fva0";"YT_CHANNEL";740
"JHuH7iGcPoY";"YT_CHANNEL";498
"1UkDaiRGShM";"YT_CHANNEL";277
"lFd2hjkKz_Q";"YT_CHANNEL";620
"rLmZYThOJg0";"YT_CHANNEL";222
"8JKgW9mS9WM";"YT_CHANNEL";6163
"LG-fdqSIFxE";"YT_CHANNEL";524
"6ZM5uFFAd_w";"YT_CHANNEL";259
"L2ELtem2iGY";"YT_CHANNEL";499
"OIGGrrnMIgk";"YT_CHANNEL";628
"2V9cLPXPemg";"YT_CHANNEL";815
"r5WkPqu9E4E";"YT_CHANNEL";559
"qeWN5gq9EE8";"YT_CHANNEL";440
"T7ckdeGOhnU";"YT_CHANNEL";481
"HEMARcoxhkI";"YT_CHANNEL";205
"nvv4tPOY8lo";"YT_CHANNEL";333
"NjdZjozKboA";"YT_CHANNEL";340
"gc2X5L4Y5Xg";"YT_CHANNEL";242
"YfdypVSYb9c";"YT_CHANNEL";188
"6IHNYDy_Ynw";"YT_CHANNEL";325
"U0YyIsqDWV4";"YT_CHANNEL";279
"aus8JuVxajM";"YT_CHANNEL";558
"_p9E8fiDRDw";"YT_CHANNEL";544
"sepAWgLOCBI";"YT_CHANNEL";378
"Uuo8AsMxqss";"YT_CHANNEL";271
"QFADxSyXwwY";"YT_CHANNEL";313
"fKygF7VEJnQ";"YT_CHANNEL";388
"L1govVEBxDo";"YT_CHANNEL";208
"OyvjGRnxCkw";"YT_CHANNEL";515
"Wz0N0c3EzVg";"YT_CHANNEL";246
"m4a2c55eXMU";"YT_CHANNEL";540
"GvKYUgka_4Y";"YT_CHANNEL";312
"AY_n9OWPgsk";"YT_CHANNEL";967
"0v8DZuyM2GU";"YT_CHANNEL";441
"_JMSw6i5pzY";"YT_CHANNEL";507
"eXz0cLDRMyg";"YT_CHANNEL";406
"xuBfK0oJmw8";"YT_CHANNEL";260
"UFD5S4Peqc4";"YT_CHANNEL";626
"HvPh2go8xJs";"YT_CHANNEL";206
"151Quamk9Uo";"YT_CHANNEL";372
"-3r5Amv8wdg";"YT_CHANNEL";80
"VKkN-FF66Zw";"YT_CHANNEL";586
"fcv3CHBItJo";"YT_CHANNEL";4829
"P2hu_VsRVfM";"YT_CHANNEL";298
"lOdLJx1zL7Y";"YT_CHANNEL";706
"u7SyqTpLIJc";"YT_CHANNEL";553
"wUzZChTlzdE";"YT_CHANNEL";609
"ezGQ1YxfAOU";"YT_CHANNEL";394
"ksSg7hhMDbU";"YT_CHANNEL";354
"dcjQLZgoNA0";"YT_CHANNEL";390
"uFhsqX_A6XA";"YT_CHANNEL";233
"i1kCHZEhnEY";"YT_CHANNEL";1185
"AZAL-QPn5Zc";"YT_CHANNEL";640
"yP791KGnrek";"YT_CHANNEL";277
"h6zprXwtmfg";"YT_CHANNEL";171
"6_1XDU3I-50";"YT_CHANNEL";329
"S2k2dxf_QWc";"YT_CHANNEL";307
"kXgm7984oTs";"YT_CHANNEL";67
"0Stq-erLMlo";"YT_CHANNEL";40
"Wt7ee9-jJwk";"EXT_URL";4264
"no0j59bcrW8";"EXT_URL";1237
"4xapOrfLvbg";"EXT_URL";52599
"XGbhdoiR-A8";"EXT_URL";208
"_GOIflxSlYI";"EXT_URL";1262
"gNCTjoCu6k4";"EXT_URL";178
"wG3J8lO9d5I";"EXT_URL";12341
"HJr4mLYsnB8";"EXT_URL";10795
"fLqvaWJtwhQ";"EXT_URL";26947
"ZilC968Fc9c";"EXT_URL";12225
"-tTYPCTciyU";"EXT_URL";985
"hilfglpKNRQ";"EXT_URL";1013
"cTqFNg_y9lw";"EXT_URL";1670
"IURWlw2_6Ks";"EXT_URL";2939
"iyGBZsLxe54";"EXT_URL";5021
"bDPGm3rP8WU";"EXT_URL";1497
"AJxCCfFmLTQ";"EXT_URL";13590
"EJwbwMB-fDQ";"EXT_URL";1951
"ZlKMxbC4ehg";"EXT_URL";9914
"icf7Hfj22vg";"EXT_URL";7925
"8H9xM741hBQ";"EXT_URL";7054
"DtOfcsS_pQw";"EXT_URL";3026
"KJod3LG84bk";"EXT_URL";3755
"Ax-jgwnolNI";"EXT_URL";5380
"_8vw30ltFJ0";"EXT_URL";6644
"oLZ7jTKG1fw";"EXT_URL";3971
"7vCD8Zu686Q";"EXT_URL";11963
"vWnMk3E1lIc";"EXT_URL";11946
"XKmTknbusnY";"EXT_URL";9032
"KngjlmJCpUs";"EXT_URL";35
"gkMjAYFeSiM";"EXT_URL";8269
"k_Z1Uu5y9l8";"EXT_URL";1270
"kJ37glO4wBY";"EXT_URL";325
"RVcJ3O_O2Jg";"EXT_URL";53293
"eNP36ozsnss";"EXT_URL";1964
"SI0Oxt2Mu-Y";"EXT_URL";2755
"S1kTTQARvVs";"EXT_URL";5213
"dbZJLFI-t-Y";"EXT_URL";23361
"X47XlpkMfe8";"EXT_URL";7900
"bU35LnSfo70";"EXT_URL";24837
"MXKDEyc-vtU";"EXT_URL";396
"O0VsTLDTjss";"EXT_URL";1038
"Pk3uKEuLrUY";"EXT_URL";377
"A4iG8S4EpHs";"EXT_URL";7405
"QBD4na6Aeq0";"EXT_URL";1229
"iyc74jnjKV8";"EXT_URL";626
"uq5PQg_hZro";"EXT_URL";6758
"ppQ0DdtBaCw";"EXT_URL";818
"t4kd-QY6Rh0";"EXT_URL";984
"fktQmk0a9OI";"EXT_URL";736
"A9yVhbgxgl8";"EXT_URL";2463
"qZtfSNReft4";"EXT_URL";223
"4pdzhKNwQlY";"EXT_URL";20330
"9XsMt1TxNeM";"EXT_URL";1171
"pEAwvMkpA8I";"EXT_URL";9424
"T1q3BF5_YJ8";"EXT_URL";8460
"VRQq7XVWdR8";"EXT_URL";10480
"0TAapq8TnFQ";"EXT_URL";450
"KkUg3-R9kcA";"EXT_URL";2417
"Ka7Ds4EAjNQ";"EXT_URL";21505
"KjUAEci6G20";"EXT_URL";3853
"x-1NiopFC9g";"EXT_URL";2854
"6M7AhO8vbNw";"EXT_URL";4916
"syzA3PZx3qk";"EXT_URL";17463
"nePWIVgHobs";"EXT_URL";2059
"UqTAJxp--c4";"EXT_URL";323
"RnMrGaiVWtQ";"EXT_URL";8781
"IZJijGvbZks";"EXT_URL";50
"Ys11kq35rHU";"EXT_URL";300
"PAX5GP9SkTA";"EXT_URL";970
"HRJRJ3D9cq8";"EXT_URL";3268
"di_J3aFqY9E";"EXT_URL";22609
"1VNfhqILnh8";"EXT_URL";131
"cS1omlvorrk";"EXT_URL";12263
"fTUw94veqfE";"EXT_URL";2444
"cr9UBeZ3AvQ";"EXT_URL";1273
"z7FBukPBKzg";"EXT_URL";6773
"uuwxWnAILr0";"EXT_URL";385
"Z40Txux1Lxk";"EXT_URL";34898
"3QiTBXfxzHA";"EXT_URL";7148
"EmALxO7V7y0";"EXT_URL";53418
"TEmNcM6OnSc";"EXT_URL";1606
"YeI_n8myE68";"EXT_URL";417
"Anv3X3EuHZ8";"EXT_URL";12845
"-kOvK7IV3sg";"EXT_URL";782
"FO6e3rjSslQ";"EXT_URL";7914
"TRdVDwWqbfY";"EXT_URL";1806
"s9ck7xx85mA";"EXT_URL";2867
"DMtlv-BlKP4";"EXT_URL";50454
"DRVDYOrVdlQ";"EXT_URL";23
"duMSovyosXE";"EXT_URL";31828
"CoTLQiMZFbI";"EXT_URL";43641
"5XxUVbLVdQE";"EXT_URL";1471
"H3-evk6-qpQ";"EXT_URL";515
"vbg4Je1tuis";"EXT_URL";1394
"8e8a3o1w51M";"EXT_URL";4697
"pCgK-Ze3nhA";"EXT_URL";49236
"dzJvTcCedm8";"EXT_URL";20034
"WSnB5y2JXv8";"EXT_URL";3864
"_bdHe3z_fVU";"EXT_URL";34996
"Y3ahe3J3Zuo";"EXT_URL";1332
"BxKIJL5baAU";"EXT_URL";167
"WX0nH-lEpk4";"EXT_URL";19562
"DWjbd7NPUCM";"EXT_URL";24050
"651eVDaL34o";"EXT_URL";1849
"Z4E2jSZ4r6A";"EXT_URL";793
"RcQ8gE-1hSU";"EXT_URL";4038
"oKi7rd16TjU";"EXT_URL";2326
"2RZkc_qrV1g";"EXT_URL";286
"6jeSIRpjv0M";"EXT_URL";31728
"2SGXnYFdqu4";"EXT_URL";1516
"4NgQLqHI6hU";"EXT_URL";15168
"BY0WV05IeNk";"EXT_URL";12149
"8D6IbflW5OI";"EXT_URL";1403
"2kmFfbOeFJg";"EXT_URL";7211
"Ds8Twy4VvzU";"EXT_URL";3825
"rXDomxfoY1o";"EXT_URL";24265
"uwjOFYz-FxM";"EXT_URL";4099
"4V-yeg4fva0";"EXT_URL";3045
"JHuH7iGcPoY";"EXT_URL";5358
"1UkDaiRGShM";"EXT_URL";14641
"lFd2hjkKz_Q";"EXT_URL";20860
"rLmZYThOJg0";"EXT_URL";133
"8JKgW9mS9WM";"EXT_URL";2068
"LG-fdqSIFxE";"EXT_URL";1845
"6ZM5uFFAd_w";"EXT_URL";387
"L2ELtem2iGY";"EXT_URL";1912
"OIGGrrnMIgk";"EXT_URL";17126
"2V9cLPXPemg";"EXT_URL";5828
"r5WkPqu9E4E";"EXT_URL";102
"qeWN5gq9EE8";"EXT_URL";17176
"T7ckdeGOhnU";"EXT_URL";1842
"HEMARcoxhkI";"EXT_URL";5042
"nvv4tPOY8lo";"EXT_URL";306
"NjdZjozKboA";"EXT_URL";14494
"gc2X5L4Y5Xg";"EXT_URL";3999
"YfdypVSYb9c";"EXT_URL";3779
"6IHNYDy_Ynw";"EXT_URL";28358
"U0YyIsqDWV4";"EXT_URL";1141
"aus8JuVxajM";"EXT_URL";5571
"_p9E8fiDRDw";"EXT_URL";3893
"sepAWgLOCBI";"EXT_URL";9838
"Uuo8AsMxqss";"EXT_URL";13085
"QFADxSyXwwY";"EXT_URL";11581
"fKygF7VEJnQ";"EXT_URL";1008
"L1govVEBxDo";"EXT_URL";1822
"OyvjGRnxCkw";"EXT_URL";4814
"Wz0N0c3EzVg";"EXT_URL";238
"m4a2c55eXMU";"EXT_URL";3343
"GvKYUgka_4Y";"EXT_URL";16210
"AY_n9OWPgsk";"EXT_URL";217
"0v8DZuyM2GU";"EXT_URL";3486
"_JMSw6i5pzY";"EXT_URL";6884
"eXz0cLDRMyg";"EXT_URL";833
"xuBfK0oJmw8";"EXT_URL";3750
"UFD5S4Peqc4";"EXT_URL";11894
"HvPh2go8xJs";"EXT_URL";520
"151Quamk9Uo";"EXT_URL";5177
"-3r5Amv8wdg";"EXT_URL";157
"VKkN-FF66Zw";"EXT_URL";6530
"fcv3CHBItJo";"EXT_URL";30877
"P2hu_VsRVfM";"EXT_URL";20308
"lOdLJx1zL7Y";"EXT_URL";11253
"u7SyqTpLIJc";"EXT_URL";4939
"wUzZChTlzdE";"EXT_URL";5399
"ezGQ1YxfAOU";"EXT_URL";1008
"ksSg7hhMDbU";"EXT_URL";6034
"dcjQLZgoNA0";"EXT_URL";39994
"uFhsqX_A6XA";"EXT_URL";2712
"i1kCHZEhnEY";"EXT_URL";10251
"AZAL-QPn5Zc";"EXT_URL";13301
"yP791KGnrek";"EXT_URL";346
"h6zprXwtmfg";"EXT_URL";53
"6_1XDU3I-50";"EXT_URL";5132
"S2k2dxf_QWc";"EXT_URL";1628
"kXgm7984oTs";"EXT_URL";283
"0Stq-erLMlo";"EXT_URL";10
"Wt7ee9-jJwk";"YT_SEARCH";184
"no0j59bcrW8";"YT_SEARCH";80
"4xapOrfLvbg";"YT_SEARCH";20044
"XGbhdoiR-A8";"YT_SEARCH";714
"_GOIflxSlYI";"YT_SEARCH";306
"gNCTjoCu6k4";"YT_SEARCH";307
"wG3J8lO9d5I";"YT_SEARCH";3794
"HJr4mLYsnB8";"YT_SEARCH";4066
"fLqvaWJtwhQ";"YT_SEARCH";15807
"ZilC968Fc9c";"YT_SEARCH";9308
"-tTYPCTciyU";"YT_SEARCH";571
"hilfglpKNRQ";"YT_SEARCH";270
"cTqFNg_y9lw";"YT_SEARCH";2262
"IURWlw2_6Ks";"YT_SEARCH";2330
"iyGBZsLxe54";"YT_SEARCH";7638
"bDPGm3rP8WU";"YT_SEARCH";2295
"AJxCCfFmLTQ";"YT_SEARCH";5484
"EJwbwMB-fDQ";"YT_SEARCH";1730
"ZlKMxbC4ehg";"YT_SEARCH";5730
"icf7Hfj22vg";"YT_SEARCH";5739
"8H9xM741hBQ";"YT_SEARCH";5090
"DtOfcsS_pQw";"YT_SEARCH";1130
"KJod3LG84bk";"YT_SEARCH";2572
"Ax-jgwnolNI";"YT_SEARCH";2759
"_8vw30ltFJ0";"YT_SEARCH";2940
"oLZ7jTKG1fw";"YT_SEARCH";1911
"7vCD8Zu686Q";"YT_SEARCH";4558
"vWnMk3E1lIc";"YT_SEARCH";15132
"XKmTknbusnY";"YT_SEARCH";2213
"KngjlmJCpUs";"YT_SEARCH";49
"gkMjAYFeSiM";"YT_SEARCH";5041
"k_Z1Uu5y9l8";"YT_SEARCH";331
"kJ37glO4wBY";"YT_SEARCH";306
"RVcJ3O_O2Jg";"YT_SEARCH";19597
"eNP36ozsnss";"YT_SEARCH";868
"SI0Oxt2Mu-Y";"YT_SEARCH";757
"S1kTTQARvVs";"YT_SEARCH";1399
"dbZJLFI-t-Y";"YT_SEARCH";10797
"X47XlpkMfe8";"YT_SEARCH";7607
"bU35LnSfo70";"YT_SEARCH";17689
"MXKDEyc-vtU";"YT_SEARCH";248
"O0VsTLDTjss";"YT_SEARCH";509
"Pk3uKEuLrUY";"YT_SEARCH";292
"A4iG8S4EpHs";"YT_SEARCH";2009
"QBD4na6Aeq0";"YT_SEARCH";774
"iyc74jnjKV8";"YT_SEARCH";107
"uq5PQg_hZro";"YT_SEARCH";2410
"ppQ0DdtBaCw";"YT_SEARCH";424
"t4kd-QY6Rh0";"YT_SEARCH";1520
"fktQmk0a9OI";"YT_SEARCH";392
"A9yVhbgxgl8";"YT_SEARCH";3861
"qZtfSNReft4";"YT_SEARCH";25
"4pdzhKNwQlY";"YT_SEARCH";11496
"9XsMt1TxNeM";"YT_SEARCH";1530
"pEAwvMkpA8I";"YT_SEARCH";8995
"T1q3BF5_YJ8";"YT_SEARCH";2583
"VRQq7XVWdR8";"YT_SEARCH";6727
"0TAapq8TnFQ";"YT_SEARCH";541
"KkUg3-R9kcA";"YT_SEARCH";894
"Ka7Ds4EAjNQ";"YT_SEARCH";6777
"KjUAEci6G20";"YT_SEARCH";5030
"x-1NiopFC9g";"YT_SEARCH";2717
"6M7AhO8vbNw";"YT_SEARCH";2125
"syzA3PZx3qk";"YT_SEARCH";6135
"nePWIVgHobs";"YT_SEARCH";1268
"UqTAJxp--c4";"YT_SEARCH";395
"RnMrGaiVWtQ";"YT_SEARCH";7200
"IZJijGvbZks";"YT_SEARCH";40
"Ys11kq35rHU";"YT_SEARCH";133
"PAX5GP9SkTA";"YT_SEARCH";377
"HRJRJ3D9cq8";"YT_SEARCH";3204
"di_J3aFqY9E";"YT_SEARCH";5836
"1VNfhqILnh8";"YT_SEARCH";23
"cS1omlvorrk";"YT_SEARCH";5193
"fTUw94veqfE";"YT_SEARCH";1913
"cr9UBeZ3AvQ";"YT_SEARCH";720
"z7FBukPBKzg";"YT_SEARCH";4128
"uuwxWnAILr0";"YT_SEARCH";112
"Z40Txux1Lxk";"YT_SEARCH";35582
"3QiTBXfxzHA";"YT_SEARCH";1685
"EmALxO7V7y0";"YT_SEARCH";37952
"TEmNcM6OnSc";"YT_SEARCH";288
"YeI_n8myE68";"YT_SEARCH";608
"Anv3X3EuHZ8";"YT_SEARCH";5845
"-kOvK7IV3sg";"YT_SEARCH";660
"FO6e3rjSslQ";"YT_SEARCH";2363
"TRdVDwWqbfY";"YT_SEARCH";705
"s9ck7xx85mA";"YT_SEARCH";1743
"DMtlv-BlKP4";"YT_SEARCH";14553
"DRVDYOrVdlQ";"YT_SEARCH";100
"duMSovyosXE";"YT_SEARCH";15201
"CoTLQiMZFbI";"YT_SEARCH";25738
"5XxUVbLVdQE";"YT_SEARCH";707
"H3-evk6-qpQ";"YT_SEARCH";400
"vbg4Je1tuis";"YT_SEARCH";1236
"8e8a3o1w51M";"YT_SEARCH";2108
"pCgK-Ze3nhA";"YT_SEARCH";13722
"dzJvTcCedm8";"YT_SEARCH";7947
"WSnB5y2JXv8";"YT_SEARCH";1606
"_bdHe3z_fVU";"YT_SEARCH";19496
"Y3ahe3J3Zuo";"YT_SEARCH";162
"BxKIJL5baAU";"YT_SEARCH";80
"WX0nH-lEpk4";"YT_SEARCH";6310
"DWjbd7NPUCM";"YT_SEARCH";6623
"651eVDaL34o";"YT_SEARCH";1047
"Z4E2jSZ4r6A";"YT_SEARCH";616
"RcQ8gE-1hSU";"YT_SEARCH";5140
"oKi7rd16TjU";"YT_SEARCH";1314
"2RZkc_qrV1g";"YT_SEARCH";503
"6jeSIRpjv0M";"YT_SEARCH";20073
"2SGXnYFdqu4";"YT_SEARCH";508
"4NgQLqHI6hU";"YT_SEARCH";5185
"BY0WV05IeNk";"YT_SEARCH";4798
"8D6IbflW5OI";"YT_SEARCH";357
"2kmFfbOeFJg";"YT_SEARCH";2716
"Ds8Twy4VvzU";"YT_SEARCH";1347
"rXDomxfoY1o";"YT_SEARCH";17125
"uwjOFYz-FxM";"YT_SEARCH";4579
"4V-yeg4fva0";"YT_SEARCH";1514
"JHuH7iGcPoY";"YT_SEARCH";3067
"1UkDaiRGShM";"YT_SEARCH";5470
"lFd2hjkKz_Q";"YT_SEARCH";8984
"rLmZYThOJg0";"YT_SEARCH";27
"8JKgW9mS9WM";"YT_SEARCH";1147
"LG-fdqSIFxE";"YT_SEARCH";1572
"6ZM5uFFAd_w";"YT_SEARCH";648
"L2ELtem2iGY";"YT_SEARCH";616
"OIGGrrnMIgk";"YT_SEARCH";6552
"2V9cLPXPemg";"YT_SEARCH";7938
"r5WkPqu9E4E";"YT_SEARCH";120
"qeWN5gq9EE8";"YT_SEARCH";8413
"T7ckdeGOhnU";"YT_SEARCH";1436
"HEMARcoxhkI";"YT_SEARCH";2881
"nvv4tPOY8lo";"YT_SEARCH";301
"NjdZjozKboA";"YT_SEARCH";5679
"gc2X5L4Y5Xg";"YT_SEARCH";1859
"YfdypVSYb9c";"YT_SEARCH";2019
"6IHNYDy_Ynw";"YT_SEARCH";10341
"U0YyIsqDWV4";"YT_SEARCH";489
"aus8JuVxajM";"YT_SEARCH";4574
"_p9E8fiDRDw";"YT_SEARCH";2269
"sepAWgLOCBI";"YT_SEARCH";5447
"Uuo8AsMxqss";"YT_SEARCH";6622
"QFADxSyXwwY";"YT_SEARCH";4471
"fKygF7VEJnQ";"YT_SEARCH";626
"L1govVEBxDo";"YT_SEARCH";726
"OyvjGRnxCkw";"YT_SEARCH";1015
"Wz0N0c3EzVg";"YT_SEARCH";207
"m4a2c55eXMU";"YT_SEARCH";2221
"GvKYUgka_4Y";"YT_SEARCH";4839
"AY_n9OWPgsk";"YT_SEARCH";54
"0v8DZuyM2GU";"YT_SEARCH";2733
"_JMSw6i5pzY";"YT_SEARCH";3334
"eXz0cLDRMyg";"YT_SEARCH";911
"xuBfK0oJmw8";"YT_SEARCH";649
"UFD5S4Peqc4";"YT_SEARCH";4833
"HvPh2go8xJs";"YT_SEARCH";225
"151Quamk9Uo";"YT_SEARCH";4652
"-3r5Amv8wdg";"YT_SEARCH";34
"VKkN-FF66Zw";"YT_SEARCH";10253
"fcv3CHBItJo";"YT_SEARCH";13683
"P2hu_VsRVfM";"YT_SEARCH";5686
"lOdLJx1zL7Y";"YT_SEARCH";7005
"u7SyqTpLIJc";"YT_SEARCH";2826
"wUzZChTlzdE";"YT_SEARCH";2430
"ezGQ1YxfAOU";"YT_SEARCH";603
"ksSg7hhMDbU";"YT_SEARCH";1729
"dcjQLZgoNA0";"YT_SEARCH";23072
"uFhsqX_A6XA";"YT_SEARCH";6015
"i1kCHZEhnEY";"YT_SEARCH";23234
"AZAL-QPn5Zc";"YT_SEARCH";6483
"yP791KGnrek";"YT_SEARCH";119
"h6zprXwtmfg";"YT_SEARCH";65
"6_1XDU3I-50";"YT_SEARCH";1740
"S2k2dxf_QWc";"YT_SEARCH";1587
"kXgm7984oTs";"YT_SEARCH";67
"0Stq-erLMlo";"YT_SEARCH";25
"Wt7ee9-jJwk";"YT_OTHER_PAGE";77
"no0j59bcrW8";"YT_OTHER_PAGE";37
"4xapOrfLvbg";"YT_OTHER_PAGE";593
"XGbhdoiR-A8";"YT_OTHER_PAGE";46
"_GOIflxSlYI";"YT_OTHER_PAGE";81
"gNCTjoCu6k4";"YT_OTHER_PAGE";36
"wG3J8lO9d5I";"YT_OTHER_PAGE";192
"HJr4mLYsnB8";"YT_OTHER_PAGE";211
"fLqvaWJtwhQ";"YT_OTHER_PAGE";583
"ZilC968Fc9c";"YT_OTHER_PAGE";841
"-tTYPCTciyU";"YT_OTHER_PAGE";50
"hilfglpKNRQ";"YT_OTHER_PAGE";77
"cTqFNg_y9lw";"YT_OTHER_PAGE";230
"IURWlw2_6Ks";"YT_OTHER_PAGE";192
"iyGBZsLxe54";"YT_OTHER_PAGE";795
"bDPGm3rP8WU";"YT_OTHER_PAGE";76
"AJxCCfFmLTQ";"YT_OTHER_PAGE";233
"EJwbwMB-fDQ";"YT_OTHER_PAGE";93
"ZlKMxbC4ehg";"YT_OTHER_PAGE";149
"icf7Hfj22vg";"YT_OTHER_PAGE";397
"8H9xM741hBQ";"YT_OTHER_PAGE";230
"DtOfcsS_pQw";"YT_OTHER_PAGE";77
"KJod3LG84bk";"YT_OTHER_PAGE";161
"Ax-jgwnolNI";"YT_OTHER_PAGE";132
"_8vw30ltFJ0";"YT_OTHER_PAGE";178
"oLZ7jTKG1fw";"YT_OTHER_PAGE";67
"7vCD8Zu686Q";"YT_OTHER_PAGE";413
"vWnMk3E1lIc";"YT_OTHER_PAGE";164
"XKmTknbusnY";"YT_OTHER_PAGE";140
"KngjlmJCpUs";"YT_OTHER_PAGE";11
"gkMjAYFeSiM";"YT_OTHER_PAGE";167
"k_Z1Uu5y9l8";"YT_OTHER_PAGE";276
"kJ37glO4wBY";"YT_OTHER_PAGE";64
"RVcJ3O_O2Jg";"YT_OTHER_PAGE";628
"eNP36ozsnss";"YT_OTHER_PAGE";237
"SI0Oxt2Mu-Y";"YT_OTHER_PAGE";90
"S1kTTQARvVs";"YT_OTHER_PAGE";81
"dbZJLFI-t-Y";"YT_OTHER_PAGE";213
"X47XlpkMfe8";"YT_OTHER_PAGE";528
"bU35LnSfo70";"YT_OTHER_PAGE";360
"MXKDEyc-vtU";"YT_OTHER_PAGE";164
"O0VsTLDTjss";"YT_OTHER_PAGE";61
"Pk3uKEuLrUY";"YT_OTHER_PAGE";43
"A4iG8S4EpHs";"YT_OTHER_PAGE";172
"QBD4na6Aeq0";"YT_OTHER_PAGE";59
"iyc74jnjKV8";"YT_OTHER_PAGE";32
"uq5PQg_hZro";"YT_OTHER_PAGE";151
"ppQ0DdtBaCw";"YT_OTHER_PAGE";85
"t4kd-QY6Rh0";"YT_OTHER_PAGE";90
"fktQmk0a9OI";"YT_OTHER_PAGE";51
"A9yVhbgxgl8";"YT_OTHER_PAGE";239
"qZtfSNReft4";"YT_OTHER_PAGE";29
"4pdzhKNwQlY";"YT_OTHER_PAGE";553
"9XsMt1TxNeM";"YT_OTHER_PAGE";93
"pEAwvMkpA8I";"YT_OTHER_PAGE";255
"T1q3BF5_YJ8";"YT_OTHER_PAGE";412
"VRQq7XVWdR8";"YT_OTHER_PAGE";386
"0TAapq8TnFQ";"YT_OTHER_PAGE";92
"KkUg3-R9kcA";"YT_OTHER_PAGE";59
"Ka7Ds4EAjNQ";"YT_OTHER_PAGE";290
"KjUAEci6G20";"YT_OTHER_PAGE";187
"x-1NiopFC9g";"YT_OTHER_PAGE";73
"6M7AhO8vbNw";"YT_OTHER_PAGE";118
"syzA3PZx3qk";"YT_OTHER_PAGE";486
"nePWIVgHobs";"YT_OTHER_PAGE";72
"UqTAJxp--c4";"YT_OTHER_PAGE";27
"RnMrGaiVWtQ";"YT_OTHER_PAGE";359
"IZJijGvbZks";"YT_OTHER_PAGE";11
"Ys11kq35rHU";"YT_OTHER_PAGE";7
"PAX5GP9SkTA";"YT_OTHER_PAGE";88
"HRJRJ3D9cq8";"YT_OTHER_PAGE";103
"di_J3aFqY9E";"YT_OTHER_PAGE";227
"1VNfhqILnh8";"YT_OTHER_PAGE";11
"cS1omlvorrk";"YT_OTHER_PAGE";147
"fTUw94veqfE";"YT_OTHER_PAGE";261
"cr9UBeZ3AvQ";"YT_OTHER_PAGE";154
"z7FBukPBKzg";"YT_OTHER_PAGE";269
"uuwxWnAILr0";"YT_OTHER_PAGE";31
"Z40Txux1Lxk";"YT_OTHER_PAGE";1392
"3QiTBXfxzHA";"YT_OTHER_PAGE";223
"EmALxO7V7y0";"YT_OTHER_PAGE";1388
"TEmNcM6OnSc";"YT_OTHER_PAGE";39
"YeI_n8myE68";"YT_OTHER_PAGE";52
"Anv3X3EuHZ8";"YT_OTHER_PAGE";180
"-kOvK7IV3sg";"YT_OTHER_PAGE";43
"FO6e3rjSslQ";"YT_OTHER_PAGE";145
"TRdVDwWqbfY";"YT_OTHER_PAGE";67
"s9ck7xx85mA";"YT_OTHER_PAGE";226
"DMtlv-BlKP4";"YT_OTHER_PAGE";591
"DRVDYOrVdlQ";"YT_OTHER_PAGE";10
"duMSovyosXE";"YT_OTHER_PAGE";970
"CoTLQiMZFbI";"YT_OTHER_PAGE";347
"5XxUVbLVdQE";"YT_OTHER_PAGE";172
"H3-evk6-qpQ";"YT_OTHER_PAGE";84
"vbg4Je1tuis";"YT_OTHER_PAGE";111
"8e8a3o1w51M";"YT_OTHER_PAGE";91
"pCgK-Ze3nhA";"YT_OTHER_PAGE";912
"dzJvTcCedm8";"YT_OTHER_PAGE";356
"WSnB5y2JXv8";"YT_OTHER_PAGE";123
"_bdHe3z_fVU";"YT_OTHER_PAGE";471
"Y3ahe3J3Zuo";"YT_OTHER_PAGE";63
"BxKIJL5baAU";"YT_OTHER_PAGE";25
"WX0nH-lEpk4";"YT_OTHER_PAGE";243
"DWjbd7NPUCM";"YT_OTHER_PAGE";217
"651eVDaL34o";"YT_OTHER_PAGE";63
"Z4E2jSZ4r6A";"YT_OTHER_PAGE";55
"RcQ8gE-1hSU";"YT_OTHER_PAGE";129
"oKi7rd16TjU";"YT_OTHER_PAGE";173
"2RZkc_qrV1g";"YT_OTHER_PAGE";100
"6jeSIRpjv0M";"YT_OTHER_PAGE";620
"2SGXnYFdqu4";"YT_OTHER_PAGE";160
"4NgQLqHI6hU";"YT_OTHER_PAGE";254
"BY0WV05IeNk";"YT_OTHER_PAGE";149
"8D6IbflW5OI";"YT_OTHER_PAGE";77
"2kmFfbOeFJg";"YT_OTHER_PAGE";145
"Ds8Twy4VvzU";"YT_OTHER_PAGE";227
"rXDomxfoY1o";"YT_OTHER_PAGE";312
"uwjOFYz-FxM";"YT_OTHER_PAGE";163
"4V-yeg4fva0";"YT_OTHER_PAGE";78
"JHuH7iGcPoY";"YT_OTHER_PAGE";158
"1UkDaiRGShM";"YT_OTHER_PAGE";240
"lFd2hjkKz_Q";"YT_OTHER_PAGE";612
"rLmZYThOJg0";"YT_OTHER_PAGE";8
"8JKgW9mS9WM";"YT_OTHER_PAGE";99
"LG-fdqSIFxE";"YT_OTHER_PAGE";164
"6ZM5uFFAd_w";"YT_OTHER_PAGE";73
"L2ELtem2iGY";"YT_OTHER_PAGE";66
"OIGGrrnMIgk";"YT_OTHER_PAGE";695
"2V9cLPXPemg";"YT_OTHER_PAGE";438
"r5WkPqu9E4E";"YT_OTHER_PAGE";8
"qeWN5gq9EE8";"YT_OTHER_PAGE";220
"T7ckdeGOhnU";"YT_OTHER_PAGE";150
"HEMARcoxhkI";"YT_OTHER_PAGE";66
"nvv4tPOY8lo";"YT_OTHER_PAGE";38
"NjdZjozKboA";"YT_OTHER_PAGE";229
"gc2X5L4Y5Xg";"YT_OTHER_PAGE";85
"YfdypVSYb9c";"YT_OTHER_PAGE";121
"6IHNYDy_Ynw";"YT_OTHER_PAGE";288
"U0YyIsqDWV4";"YT_OTHER_PAGE";51
"aus8JuVxajM";"YT_OTHER_PAGE";315
"_p9E8fiDRDw";"YT_OTHER_PAGE";163
"sepAWgLOCBI";"YT_OTHER_PAGE";183
"Uuo8AsMxqss";"YT_OTHER_PAGE";204
"QFADxSyXwwY";"YT_OTHER_PAGE";184
"fKygF7VEJnQ";"YT_OTHER_PAGE";91
"L1govVEBxDo";"YT_OTHER_PAGE";86
"OyvjGRnxCkw";"YT_OTHER_PAGE";268
"Wz0N0c3EzVg";"YT_OTHER_PAGE";22
"m4a2c55eXMU";"YT_OTHER_PAGE";173
"GvKYUgka_4Y";"YT_OTHER_PAGE";274
"AY_n9OWPgsk";"YT_OTHER_PAGE";28
"0v8DZuyM2GU";"YT_OTHER_PAGE";181
"_JMSw6i5pzY";"YT_OTHER_PAGE";354
"eXz0cLDRMyg";"YT_OTHER_PAGE";223
"xuBfK0oJmw8";"YT_OTHER_PAGE";72
"UFD5S4Peqc4";"YT_OTHER_PAGE";629
"HvPh2go8xJs";"YT_OTHER_PAGE";55
"151Quamk9Uo";"YT_OTHER_PAGE";106
"-3r5Amv8wdg";"YT_OTHER_PAGE";8
"VKkN-FF66Zw";"YT_OTHER_PAGE";543
"fcv3CHBItJo";"YT_OTHER_PAGE";1565
"P2hu_VsRVfM";"YT_OTHER_PAGE";174
"lOdLJx1zL7Y";"YT_OTHER_PAGE";358
"u7SyqTpLIJc";"YT_OTHER_PAGE";277
"wUzZChTlzdE";"YT_OTHER_PAGE";239
"ezGQ1YxfAOU";"YT_OTHER_PAGE";67
"ksSg7hhMDbU";"YT_OTHER_PAGE";66
"dcjQLZgoNA0";"YT_OTHER_PAGE";437
"uFhsqX_A6XA";"YT_OTHER_PAGE";122
"i1kCHZEhnEY";"YT_OTHER_PAGE";2169
"AZAL-QPn5Zc";"YT_OTHER_PAGE";330
"yP791KGnrek";"YT_OTHER_PAGE";51
"h6zprXwtmfg";"YT_OTHER_PAGE";15
"6_1XDU3I-50";"YT_OTHER_PAGE";52
"S2k2dxf_QWc";"YT_OTHER_PAGE";106
"kXgm7984oTs";"YT_OTHER_PAGE";30
"0Stq-erLMlo";"YT_OTHER_PAGE";13
"Wt7ee9-jJwk";"SUBSCRIBER";2171
"no0j59bcrW8";"SUBSCRIBER";876
"4xapOrfLvbg";"SUBSCRIBER";1506
"XGbhdoiR-A8";"SUBSCRIBER";979
"_GOIflxSlYI";"SUBSCRIBER";1785
"gNCTjoCu6k4";"SUBSCRIBER";617
"wG3J8lO9d5I";"SUBSCRIBER";804
"HJr4mLYsnB8";"SUBSCRIBER";941
"fLqvaWJtwhQ";"SUBSCRIBER";849
"ZilC968Fc9c";"SUBSCRIBER";2670
"-tTYPCTciyU";"SUBSCRIBER";991
"hilfglpKNRQ";"SUBSCRIBER";807
"cTqFNg_y9lw";"SUBSCRIBER";1128
"IURWlw2_6Ks";"SUBSCRIBER";981
"iyGBZsLxe54";"SUBSCRIBER";2888
"bDPGm3rP8WU";"SUBSCRIBER";292
"AJxCCfFmLTQ";"SUBSCRIBER";1509
"EJwbwMB-fDQ";"SUBSCRIBER";1520
"ZlKMxbC4ehg";"SUBSCRIBER";843
"icf7Hfj22vg";"SUBSCRIBER";986
"8H9xM741hBQ";"SUBSCRIBER";486
"DtOfcsS_pQw";"SUBSCRIBER";898
"KJod3LG84bk";"SUBSCRIBER";1411
"Ax-jgwnolNI";"SUBSCRIBER";193
"_8vw30ltFJ0";"SUBSCRIBER";322
"oLZ7jTKG1fw";"SUBSCRIBER";222
"7vCD8Zu686Q";"SUBSCRIBER";2684
"vWnMk3E1lIc";"SUBSCRIBER";405
"XKmTknbusnY";"SUBSCRIBER";592
"KngjlmJCpUs";"SUBSCRIBER";417
"gkMjAYFeSiM";"SUBSCRIBER";977
"k_Z1Uu5y9l8";"SUBSCRIBER";78
"kJ37glO4wBY";"SUBSCRIBER";141
"RVcJ3O_O2Jg";"SUBSCRIBER";2244
"eNP36ozsnss";"SUBSCRIBER";649
"SI0Oxt2Mu-Y";"SUBSCRIBER";822
"S1kTTQARvVs";"SUBSCRIBER";455
"dbZJLFI-t-Y";"SUBSCRIBER";296
"X47XlpkMfe8";"SUBSCRIBER";2122
"bU35LnSfo70";"SUBSCRIBER";490
"MXKDEyc-vtU";"SUBSCRIBER";966
"O0VsTLDTjss";"SUBSCRIBER";1045
"Pk3uKEuLrUY";"SUBSCRIBER";614
"A4iG8S4EpHs";"SUBSCRIBER";868
"QBD4na6Aeq0";"SUBSCRIBER";339
"iyc74jnjKV8";"SUBSCRIBER";418
"uq5PQg_hZro";"SUBSCRIBER";805
"ppQ0DdtBaCw";"SUBSCRIBER";730
"t4kd-QY6Rh0";"SUBSCRIBER";1432
"fktQmk0a9OI";"SUBSCRIBER";926
"A9yVhbgxgl8";"SUBSCRIBER";349
"qZtfSNReft4";"SUBSCRIBER";29
"4pdzhKNwQlY";"SUBSCRIBER";2141
"9XsMt1TxNeM";"SUBSCRIBER";416
"pEAwvMkpA8I";"SUBSCRIBER";1221
"T1q3BF5_YJ8";"SUBSCRIBER";2435
"VRQq7XVWdR8";"SUBSCRIBER";3013
"0TAapq8TnFQ";"SUBSCRIBER";242
"KkUg3-R9kcA";"SUBSCRIBER";223
"Ka7Ds4EAjNQ";"SUBSCRIBER";1176
"KjUAEci6G20";"SUBSCRIBER";1745
"x-1NiopFC9g";"SUBSCRIBER";470
"6M7AhO8vbNw";"SUBSCRIBER";608
"syzA3PZx3qk";"SUBSCRIBER";647
"nePWIVgHobs";"SUBSCRIBER";130
"UqTAJxp--c4";"SUBSCRIBER";473
"RnMrGaiVWtQ";"SUBSCRIBER";3519
"IZJijGvbZks";"SUBSCRIBER";497
"Ys11kq35rHU";"SUBSCRIBER";519
"PAX5GP9SkTA";"SUBSCRIBER";1625
"HRJRJ3D9cq8";"SUBSCRIBER";1430
"di_J3aFqY9E";"SUBSCRIBER";345
"1VNfhqILnh8";"SUBSCRIBER";570
"cS1omlvorrk";"SUBSCRIBER";243
"fTUw94veqfE";"SUBSCRIBER";2204
"cr9UBeZ3AvQ";"SUBSCRIBER";930
"z7FBukPBKzg";"SUBSCRIBER";1650
"uuwxWnAILr0";"SUBSCRIBER";440
"Z40Txux1Lxk";"SUBSCRIBER";6165
"3QiTBXfxzHA";"SUBSCRIBER";270
"EmALxO7V7y0";"SUBSCRIBER";6022
"TEmNcM6OnSc";"SUBSCRIBER";226
"YeI_n8myE68";"SUBSCRIBER";936
"Anv3X3EuHZ8";"SUBSCRIBER";445
"-kOvK7IV3sg";"SUBSCRIBER";558
"FO6e3rjSslQ";"SUBSCRIBER";440
"TRdVDwWqbfY";"SUBSCRIBER";75
"s9ck7xx85mA";"SUBSCRIBER";876
"DMtlv-BlKP4";"SUBSCRIBER";1771
"DRVDYOrVdlQ";"SUBSCRIBER";172
"duMSovyosXE";"SUBSCRIBER";3677
"CoTLQiMZFbI";"SUBSCRIBER";952
"5XxUVbLVdQE";"SUBSCRIBER";925
"H3-evk6-qpQ";"SUBSCRIBER";822
"vbg4Je1tuis";"SUBSCRIBER";1905
"8e8a3o1w51M";"SUBSCRIBER";1325
"pCgK-Ze3nhA";"SUBSCRIBER";6280
"dzJvTcCedm8";"SUBSCRIBER";1314
"WSnB5y2JXv8";"SUBSCRIBER";1135
"_bdHe3z_fVU";"SUBSCRIBER";1726
"Y3ahe3J3Zuo";"SUBSCRIBER";590
"BxKIJL5baAU";"SUBSCRIBER";638
"WX0nH-lEpk4";"SUBSCRIBER";888
"DWjbd7NPUCM";"SUBSCRIBER";580
"651eVDaL34o";"SUBSCRIBER";343
"Z4E2jSZ4r6A";"SUBSCRIBER";610
"RcQ8gE-1hSU";"SUBSCRIBER";464
"oKi7rd16TjU";"SUBSCRIBER";572
"2RZkc_qrV1g";"SUBSCRIBER";558
"6jeSIRpjv0M";"SUBSCRIBER";2520
"2SGXnYFdqu4";"SUBSCRIBER";2672
"4NgQLqHI6hU";"SUBSCRIBER";662
"BY0WV05IeNk";"SUBSCRIBER";405
"8D6IbflW5OI";"SUBSCRIBER";609
"2kmFfbOeFJg";"SUBSCRIBER";595
"Ds8Twy4VvzU";"SUBSCRIBER";2263
"rXDomxfoY1o";"SUBSCRIBER";1018
"uwjOFYz-FxM";"SUBSCRIBER";2080
"4V-yeg4fva0";"SUBSCRIBER";366
"JHuH7iGcPoY";"SUBSCRIBER";608
"1UkDaiRGShM";"SUBSCRIBER";893
"lFd2hjkKz_Q";"SUBSCRIBER";2623
"rLmZYThOJg0";"SUBSCRIBER";155
"8JKgW9mS9WM";"SUBSCRIBER";302
"LG-fdqSIFxE";"SUBSCRIBER";1663
"6ZM5uFFAd_w";"SUBSCRIBER";691
"L2ELtem2iGY";"SUBSCRIBER";1149
"OIGGrrnMIgk";"SUBSCRIBER";2636
"2V9cLPXPemg";"SUBSCRIBER";3477
"r5WkPqu9E4E";"SUBSCRIBER";92
"qeWN5gq9EE8";"SUBSCRIBER";1196
"T7ckdeGOhnU";"SUBSCRIBER";708
"HEMARcoxhkI";"SUBSCRIBER";306
"nvv4tPOY8lo";"SUBSCRIBER";920
"NjdZjozKboA";"SUBSCRIBER";257
"gc2X5L4Y5Xg";"SUBSCRIBER";646
"YfdypVSYb9c";"SUBSCRIBER";189
"6IHNYDy_Ynw";"SUBSCRIBER";673
"U0YyIsqDWV4";"SUBSCRIBER";672
"aus8JuVxajM";"SUBSCRIBER";911
"_p9E8fiDRDw";"SUBSCRIBER";906
"sepAWgLOCBI";"SUBSCRIBER";337
"Uuo8AsMxqss";"SUBSCRIBER";264
"QFADxSyXwwY";"SUBSCRIBER";755
"fKygF7VEJnQ";"SUBSCRIBER";944
"L1govVEBxDo";"SUBSCRIBER";353
"OyvjGRnxCkw";"SUBSCRIBER";1607
"Wz0N0c3EzVg";"SUBSCRIBER";678
"m4a2c55eXMU";"SUBSCRIBER";1044
"GvKYUgka_4Y";"SUBSCRIBER";896
"AY_n9OWPgsk";"SUBSCRIBER";421
"0v8DZuyM2GU";"SUBSCRIBER";825
"_JMSw6i5pzY";"SUBSCRIBER";879
"eXz0cLDRMyg";"SUBSCRIBER";1396
"xuBfK0oJmw8";"SUBSCRIBER";348
"UFD5S4Peqc4";"SUBSCRIBER";3883
"HvPh2go8xJs";"SUBSCRIBER";93
"151Quamk9Uo";"SUBSCRIBER";382
"-3r5Amv8wdg";"SUBSCRIBER";350
"VKkN-FF66Zw";"SUBSCRIBER";2908
"fcv3CHBItJo";"SUBSCRIBER";9867
"P2hu_VsRVfM";"SUBSCRIBER";259
"lOdLJx1zL7Y";"SUBSCRIBER";1477
"u7SyqTpLIJc";"SUBSCRIBER";1735
"wUzZChTlzdE";"SUBSCRIBER";957
"ezGQ1YxfAOU";"SUBSCRIBER";1191
"ksSg7hhMDbU";"SUBSCRIBER";343
"dcjQLZgoNA0";"SUBSCRIBER";898
"uFhsqX_A6XA";"SUBSCRIBER";196
"i1kCHZEhnEY";"SUBSCRIBER";13344
"AZAL-QPn5Zc";"SUBSCRIBER";3155
"yP791KGnrek";"SUBSCRIBER";595
"h6zprXwtmfg";"SUBSCRIBER";542
"6_1XDU3I-50";"SUBSCRIBER";209
"S2k2dxf_QWc";"SUBSCRIBER";660
"kXgm7984oTs";"SUBSCRIBER";999
"0Stq-erLMlo";"SUBSCRIBER";521
"Wt7ee9-jJwk";"NO_LINK_OTHER";686
"no0j59bcrW8";"NO_LINK_OTHER";144
"4xapOrfLvbg";"NO_LINK_OTHER";4325
"XGbhdoiR-A8";"NO_LINK_OTHER";185
"_GOIflxSlYI";"NO_LINK_OTHER";958
"gNCTjoCu6k4";"NO_LINK_OTHER";125
"wG3J8lO9d5I";"NO_LINK_OTHER";808
"HJr4mLYsnB8";"NO_LINK_OTHER";577
"fLqvaWJtwhQ";"NO_LINK_OTHER";2019
"ZilC968Fc9c";"NO_LINK_OTHER";1706
"-tTYPCTciyU";"NO_LINK_OTHER";294
"hilfglpKNRQ";"NO_LINK_OTHER";629
"cTqFNg_y9lw";"NO_LINK_OTHER";1460
"IURWlw2_6Ks";"NO_LINK_OTHER";1091
"iyGBZsLxe54";"NO_LINK_OTHER";1291
"bDPGm3rP8WU";"NO_LINK_OTHER";198
"AJxCCfFmLTQ";"NO_LINK_OTHER";937
"EJwbwMB-fDQ";"NO_LINK_OTHER";182
"ZlKMxbC4ehg";"NO_LINK_OTHER";508
"icf7Hfj22vg";"NO_LINK_OTHER";1486
"8H9xM741hBQ";"NO_LINK_OTHER";880
"DtOfcsS_pQw";"NO_LINK_OTHER";401
"KJod3LG84bk";"NO_LINK_OTHER";774
"Ax-jgwnolNI";"NO_LINK_OTHER";566
"_8vw30ltFJ0";"NO_LINK_OTHER";679
"oLZ7jTKG1fw";"NO_LINK_OTHER";281
"7vCD8Zu686Q";"NO_LINK_OTHER";1494
"vWnMk3E1lIc";"NO_LINK_OTHER";590
"XKmTknbusnY";"NO_LINK_OTHER";980
"KngjlmJCpUs";"NO_LINK_OTHER";33
"gkMjAYFeSiM";"NO_LINK_OTHER";625
"k_Z1Uu5y9l8";"NO_LINK_OTHER";214
"kJ37glO4wBY";"NO_LINK_OTHER";299
"RVcJ3O_O2Jg";"NO_LINK_OTHER";3082
"eNP36ozsnss";"NO_LINK_OTHER";479
"SI0Oxt2Mu-Y";"NO_LINK_OTHER";251
"S1kTTQARvVs";"NO_LINK_OTHER";341
"dbZJLFI-t-Y";"NO_LINK_OTHER";864
"X47XlpkMfe8";"NO_LINK_OTHER";1477
"bU35LnSfo70";"NO_LINK_OTHER";1573
"MXKDEyc-vtU";"NO_LINK_OTHER";242
"O0VsTLDTjss";"NO_LINK_OTHER";437
"Pk3uKEuLrUY";"NO_LINK_OTHER";69
"A4iG8S4EpHs";"NO_LINK_OTHER";525
"QBD4na6Aeq0";"NO_LINK_OTHER";81
"iyc74jnjKV8";"NO_LINK_OTHER";120
"uq5PQg_hZro";"NO_LINK_OTHER";1316
"ppQ0DdtBaCw";"NO_LINK_OTHER";130
"t4kd-QY6Rh0";"NO_LINK_OTHER";397
"fktQmk0a9OI";"NO_LINK_OTHER";309
"A9yVhbgxgl8";"NO_LINK_OTHER";366
"qZtfSNReft4";"NO_LINK_OTHER";108
"4pdzhKNwQlY";"NO_LINK_OTHER";2325
"9XsMt1TxNeM";"NO_LINK_OTHER";347
"pEAwvMkpA8I";"NO_LINK_OTHER";996
"T1q3BF5_YJ8";"NO_LINK_OTHER";944
"VRQq7XVWdR8";"NO_LINK_OTHER";1068
"0TAapq8TnFQ";"NO_LINK_OTHER";127
"KkUg3-R9kcA";"NO_LINK_OTHER";148
"Ka7Ds4EAjNQ";"NO_LINK_OTHER";2075
"KjUAEci6G20";"NO_LINK_OTHER";340
"x-1NiopFC9g";"NO_LINK_OTHER";267
"6M7AhO8vbNw";"NO_LINK_OTHER";298
"syzA3PZx3qk";"NO_LINK_OTHER";2735
"nePWIVgHobs";"NO_LINK_OTHER";2487
"UqTAJxp--c4";"NO_LINK_OTHER";222
"RnMrGaiVWtQ";"NO_LINK_OTHER";1394
"IZJijGvbZks";"NO_LINK_OTHER";40
"Ys11kq35rHU";"NO_LINK_OTHER";79
"PAX5GP9SkTA";"NO_LINK_OTHER";432
"HRJRJ3D9cq8";"NO_LINK_OTHER";265
"di_J3aFqY9E";"NO_LINK_OTHER";733
"1VNfhqILnh8";"NO_LINK_OTHER";104
"cS1omlvorrk";"NO_LINK_OTHER";438
"fTUw94veqfE";"NO_LINK_OTHER";496
"cr9UBeZ3AvQ";"NO_LINK_OTHER";210
"z7FBukPBKzg";"NO_LINK_OTHER";1013
"uuwxWnAILr0";"NO_LINK_OTHER";166
"Z40Txux1Lxk";"NO_LINK_OTHER";5549
"3QiTBXfxzHA";"NO_LINK_OTHER";7093
"EmALxO7V7y0";"NO_LINK_OTHER";5019
"TEmNcM6OnSc";"NO_LINK_OTHER";50
"YeI_n8myE68";"NO_LINK_OTHER";166
"Anv3X3EuHZ8";"NO_LINK_OTHER";881
"-kOvK7IV3sg";"NO_LINK_OTHER";88
"FO6e3rjSslQ";"NO_LINK_OTHER";1135
"TRdVDwWqbfY";"NO_LINK_OTHER";215
"s9ck7xx85mA";"NO_LINK_OTHER";557
"DMtlv-BlKP4";"NO_LINK_OTHER";3069
"DRVDYOrVdlQ";"NO_LINK_OTHER";19
"duMSovyosXE";"NO_LINK_OTHER";5355
"CoTLQiMZFbI";"NO_LINK_OTHER";1582
"5XxUVbLVdQE";"NO_LINK_OTHER";233
"H3-evk6-qpQ";"NO_LINK_OTHER";71
"vbg4Je1tuis";"NO_LINK_OTHER";861
"8e8a3o1w51M";"NO_LINK_OTHER";1128
"pCgK-Ze3nhA";"NO_LINK_OTHER";4779
"dzJvTcCedm8";"NO_LINK_OTHER";1793
"WSnB5y2JXv8";"NO_LINK_OTHER";341
"_bdHe3z_fVU";"NO_LINK_OTHER";2520
"Y3ahe3J3Zuo";"NO_LINK_OTHER";94
"BxKIJL5baAU";"NO_LINK_OTHER";172
"WX0nH-lEpk4";"NO_LINK_OTHER";887
"DWjbd7NPUCM";"NO_LINK_OTHER";916
"651eVDaL34o";"NO_LINK_OTHER";143
"Z4E2jSZ4r6A";"NO_LINK_OTHER";268
"RcQ8gE-1hSU";"NO_LINK_OTHER";535
"oKi7rd16TjU";"NO_LINK_OTHER";229
"2RZkc_qrV1g";"NO_LINK_OTHER";726
"6jeSIRpjv0M";"NO_LINK_OTHER";4299
"2SGXnYFdqu4";"NO_LINK_OTHER";183
"4NgQLqHI6hU";"NO_LINK_OTHER";4532
"BY0WV05IeNk";"NO_LINK_OTHER";764
"8D6IbflW5OI";"NO_LINK_OTHER";127
"2kmFfbOeFJg";"NO_LINK_OTHER";867
"Ds8Twy4VvzU";"NO_LINK_OTHER";429
"rXDomxfoY1o";"NO_LINK_OTHER";1049
"uwjOFYz-FxM";"NO_LINK_OTHER";1150
"4V-yeg4fva0";"NO_LINK_OTHER";231
"JHuH7iGcPoY";"NO_LINK_OTHER";460
"1UkDaiRGShM";"NO_LINK_OTHER";954
"lFd2hjkKz_Q";"NO_LINK_OTHER";3818
"rLmZYThOJg0";"NO_LINK_OTHER";12
"8JKgW9mS9WM";"NO_LINK_OTHER";461
"LG-fdqSIFxE";"NO_LINK_OTHER";278
"6ZM5uFFAd_w";"NO_LINK_OTHER";188
"L2ELtem2iGY";"NO_LINK_OTHER";314
"OIGGrrnMIgk";"NO_LINK_OTHER";3416
"2V9cLPXPemg";"NO_LINK_OTHER";1593
"r5WkPqu9E4E";"NO_LINK_OTHER";25
"qeWN5gq9EE8";"NO_LINK_OTHER";786
"T7ckdeGOhnU";"NO_LINK_OTHER";355
"HEMARcoxhkI";"NO_LINK_OTHER";297
"nvv4tPOY8lo";"NO_LINK_OTHER";84
"NjdZjozKboA";"NO_LINK_OTHER";781
"gc2X5L4Y5Xg";"NO_LINK_OTHER";308
"YfdypVSYb9c";"NO_LINK_OTHER";792
"6IHNYDy_Ynw";"NO_LINK_OTHER";1554
"U0YyIsqDWV4";"NO_LINK_OTHER";89
"aus8JuVxajM";"NO_LINK_OTHER";561
"_p9E8fiDRDw";"NO_LINK_OTHER";503
"sepAWgLOCBI";"NO_LINK_OTHER";4791
"Uuo8AsMxqss";"NO_LINK_OTHER";820
"QFADxSyXwwY";"NO_LINK_OTHER";649
"fKygF7VEJnQ";"NO_LINK_OTHER";771
"L1govVEBxDo";"NO_LINK_OTHER";350
"OyvjGRnxCkw";"NO_LINK_OTHER";534
"Wz0N0c3EzVg";"NO_LINK_OTHER";65
"m4a2c55eXMU";"NO_LINK_OTHER";345
"GvKYUgka_4Y";"NO_LINK_OTHER";1543
"AY_n9OWPgsk";"NO_LINK_OTHER";69
"0v8DZuyM2GU";"NO_LINK_OTHER";722
"_JMSw6i5pzY";"NO_LINK_OTHER";1285
"eXz0cLDRMyg";"NO_LINK_OTHER";189
"xuBfK0oJmw8";"NO_LINK_OTHER";710
"UFD5S4Peqc4";"NO_LINK_OTHER";2435
"HvPh2go8xJs";"NO_LINK_OTHER";100
"151Quamk9Uo";"NO_LINK_OTHER";282
"-3r5Amv8wdg";"NO_LINK_OTHER";15
"VKkN-FF66Zw";"NO_LINK_OTHER";2227
"fcv3CHBItJo";"NO_LINK_OTHER";6359
"P2hu_VsRVfM";"NO_LINK_OTHER";553
"lOdLJx1zL7Y";"NO_LINK_OTHER";1456
"u7SyqTpLIJc";"NO_LINK_OTHER";1307
"wUzZChTlzdE";"NO_LINK_OTHER";617
"ezGQ1YxfAOU";"NO_LINK_OTHER";494
"ksSg7hhMDbU";"NO_LINK_OTHER";273
"dcjQLZgoNA0";"NO_LINK_OTHER";1255
"uFhsqX_A6XA";"NO_LINK_OTHER";286
"i1kCHZEhnEY";"NO_LINK_OTHER";4561
"AZAL-QPn5Zc";"NO_LINK_OTHER";2014
"yP791KGnrek";"NO_LINK_OTHER";58
"h6zprXwtmfg";"NO_LINK_OTHER";17
"6_1XDU3I-50";"NO_LINK_OTHER";285
"S2k2dxf_QWc";"NO_LINK_OTHER";237
"kXgm7984oTs";"NO_LINK_OTHER";222
"0Stq-erLMlo";"NO_LINK_OTHER";30
"Wt7ee9-jJwk";"RELATED_VIDEO";191
"no0j59bcrW8";"RELATED_VIDEO";94
"4xapOrfLvbg";"RELATED_VIDEO";4847
"XGbhdoiR-A8";"RELATED_VIDEO";192
"_GOIflxSlYI";"RELATED_VIDEO";441
"gNCTjoCu6k4";"RELATED_VIDEO";157
"wG3J8lO9d5I";"RELATED_VIDEO";573
"HJr4mLYsnB8";"RELATED_VIDEO";789
"fLqvaWJtwhQ";"RELATED_VIDEO";2552
"ZilC968Fc9c";"RELATED_VIDEO";5669
"-tTYPCTciyU";"RELATED_VIDEO";459
"hilfglpKNRQ";"RELATED_VIDEO";377
"cTqFNg_y9lw";"RELATED_VIDEO";1842
"IURWlw2_6Ks";"RELATED_VIDEO";643
"iyGBZsLxe54";"RELATED_VIDEO";4434
"bDPGm3rP8WU";"RELATED_VIDEO";461
"AJxCCfFmLTQ";"RELATED_VIDEO";1117
"EJwbwMB-fDQ";"RELATED_VIDEO";399
"ZlKMxbC4ehg";"RELATED_VIDEO";602
"icf7Hfj22vg";"RELATED_VIDEO";1654
"8H9xM741hBQ";"RELATED_VIDEO";784
"DtOfcsS_pQw";"RELATED_VIDEO";415
"KJod3LG84bk";"RELATED_VIDEO";1458
"Ax-jgwnolNI";"RELATED_VIDEO";414
"_8vw30ltFJ0";"RELATED_VIDEO";2289
"oLZ7jTKG1fw";"RELATED_VIDEO";496
"7vCD8Zu686Q";"RELATED_VIDEO";1325
"vWnMk3E1lIc";"RELATED_VIDEO";789
"XKmTknbusnY";"RELATED_VIDEO";661
"KngjlmJCpUs";"RELATED_VIDEO";8
"gkMjAYFeSiM";"RELATED_VIDEO";2380
"k_Z1Uu5y9l8";"RELATED_VIDEO";128
"kJ37glO4wBY";"RELATED_VIDEO";107
"RVcJ3O_O2Jg";"RELATED_VIDEO";5700
"eNP36ozsnss";"RELATED_VIDEO";203
"SI0Oxt2Mu-Y";"RELATED_VIDEO";241
"S1kTTQARvVs";"RELATED_VIDEO";204
"dbZJLFI-t-Y";"RELATED_VIDEO";1365
"X47XlpkMfe8";"RELATED_VIDEO";2532
"bU35LnSfo70";"RELATED_VIDEO";1393
"MXKDEyc-vtU";"RELATED_VIDEO";342
"O0VsTLDTjss";"RELATED_VIDEO";502
"Pk3uKEuLrUY";"RELATED_VIDEO";83
"A4iG8S4EpHs";"RELATED_VIDEO";368
"QBD4na6Aeq0";"RELATED_VIDEO";501
"iyc74jnjKV8";"RELATED_VIDEO";99
"uq5PQg_hZro";"RELATED_VIDEO";857
"ppQ0DdtBaCw";"RELATED_VIDEO";186
"t4kd-QY6Rh0";"RELATED_VIDEO";1194
"fktQmk0a9OI";"RELATED_VIDEO";337
"A9yVhbgxgl8";"RELATED_VIDEO";340
"qZtfSNReft4";"RELATED_VIDEO";27
"4pdzhKNwQlY";"RELATED_VIDEO";9742
"9XsMt1TxNeM";"RELATED_VIDEO";302
"pEAwvMkpA8I";"RELATED_VIDEO";1036
"T1q3BF5_YJ8";"RELATED_VIDEO";1629
"VRQq7XVWdR8";"RELATED_VIDEO";13080
"0TAapq8TnFQ";"RELATED_VIDEO";900
"KkUg3-R9kcA";"RELATED_VIDEO";165
"Ka7Ds4EAjNQ";"RELATED_VIDEO";3601
"KjUAEci6G20";"RELATED_VIDEO";3293
"x-1NiopFC9g";"RELATED_VIDEO";341
"6M7AhO8vbNw";"RELATED_VIDEO";609
"syzA3PZx3qk";"RELATED_VIDEO";1773
"nePWIVgHobs";"RELATED_VIDEO";337
"UqTAJxp--c4";"RELATED_VIDEO";345
"RnMrGaiVWtQ";"RELATED_VIDEO";4452
"IZJijGvbZks";"RELATED_VIDEO";59
"Ys11kq35rHU";"RELATED_VIDEO";31
"PAX5GP9SkTA";"RELATED_VIDEO";292
"HRJRJ3D9cq8";"RELATED_VIDEO";1131
"di_J3aFqY9E";"RELATED_VIDEO";1203
"1VNfhqILnh8";"RELATED_VIDEO";19
"cS1omlvorrk";"RELATED_VIDEO";622
"fTUw94veqfE";"RELATED_VIDEO";1096
"cr9UBeZ3AvQ";"RELATED_VIDEO";323
"z7FBukPBKzg";"RELATED_VIDEO";4871
"uuwxWnAILr0";"RELATED_VIDEO";84
"Z40Txux1Lxk";"RELATED_VIDEO";15566
"3QiTBXfxzHA";"RELATED_VIDEO";859
"EmALxO7V7y0";"RELATED_VIDEO";11009
"TEmNcM6OnSc";"RELATED_VIDEO";41
"YeI_n8myE68";"RELATED_VIDEO";276
"Anv3X3EuHZ8";"RELATED_VIDEO";1040
"-kOvK7IV3sg";"RELATED_VIDEO";150
"FO6e3rjSslQ";"RELATED_VIDEO";267
"TRdVDwWqbfY";"RELATED_VIDEO";148
"s9ck7xx85mA";"RELATED_VIDEO";439
"DMtlv-BlKP4";"RELATED_VIDEO";6429
"DRVDYOrVdlQ";"RELATED_VIDEO";26
"duMSovyosXE";"RELATED_VIDEO";9847
"CoTLQiMZFbI";"RELATED_VIDEO";1579
"5XxUVbLVdQE";"RELATED_VIDEO";219
"H3-evk6-qpQ";"RELATED_VIDEO";186
"vbg4Je1tuis";"RELATED_VIDEO";1057
"8e8a3o1w51M";"RELATED_VIDEO";1449
"pCgK-Ze3nhA";"RELATED_VIDEO";7910
"dzJvTcCedm8";"RELATED_VIDEO";3549
"WSnB5y2JXv8";"RELATED_VIDEO";392
"_bdHe3z_fVU";"RELATED_VIDEO";2448
"Y3ahe3J3Zuo";"RELATED_VIDEO";81
"BxKIJL5baAU";"RELATED_VIDEO";653
"WX0nH-lEpk4";"RELATED_VIDEO";1096
"DWjbd7NPUCM";"RELATED_VIDEO";1731
"651eVDaL34o";"RELATED_VIDEO";148
"Z4E2jSZ4r6A";"RELATED_VIDEO";1235
"RcQ8gE-1hSU";"RELATED_VIDEO";1181
"oKi7rd16TjU";"RELATED_VIDEO";216
"2RZkc_qrV1g";"RELATED_VIDEO";2306
"6jeSIRpjv0M";"RELATED_VIDEO";2897
"2SGXnYFdqu4";"RELATED_VIDEO";196
"4NgQLqHI6hU";"RELATED_VIDEO";1071
"BY0WV05IeNk";"RELATED_VIDEO";465
"8D6IbflW5OI";"RELATED_VIDEO";117
"2kmFfbOeFJg";"RELATED_VIDEO";1633
"Ds8Twy4VvzU";"RELATED_VIDEO";333
"rXDomxfoY1o";"RELATED_VIDEO";2171
"uwjOFYz-FxM";"RELATED_VIDEO";1604
"4V-yeg4fva0";"RELATED_VIDEO";181
"JHuH7iGcPoY";"RELATED_VIDEO";551
"1UkDaiRGShM";"RELATED_VIDEO";1818
"lFd2hjkKz_Q";"RELATED_VIDEO";6047
"rLmZYThOJg0";"RELATED_VIDEO";7
"8JKgW9mS9WM";"RELATED_VIDEO";1027
"LG-fdqSIFxE";"RELATED_VIDEO";1067
"6ZM5uFFAd_w";"RELATED_VIDEO";272
"L2ELtem2iGY";"RELATED_VIDEO";215
"OIGGrrnMIgk";"RELATED_VIDEO";4781
"2V9cLPXPemg";"RELATED_VIDEO";2493
"r5WkPqu9E4E";"RELATED_VIDEO";147
"qeWN5gq9EE8";"RELATED_VIDEO";1228
"T7ckdeGOhnU";"RELATED_VIDEO";240
"HEMARcoxhkI";"RELATED_VIDEO";394
"nvv4tPOY8lo";"RELATED_VIDEO";143
"NjdZjozKboA";"RELATED_VIDEO";626
"gc2X5L4Y5Xg";"RELATED_VIDEO";454
"YfdypVSYb9c";"RELATED_VIDEO";258
"6IHNYDy_Ynw";"RELATED_VIDEO";1180
"U0YyIsqDWV4";"RELATED_VIDEO";145
"aus8JuVxajM";"RELATED_VIDEO";520
"_p9E8fiDRDw";"RELATED_VIDEO";759
"sepAWgLOCBI";"RELATED_VIDEO";824
"Uuo8AsMxqss";"RELATED_VIDEO";501
"QFADxSyXwwY";"RELATED_VIDEO";881
"fKygF7VEJnQ";"RELATED_VIDEO";539
"L1govVEBxDo";"RELATED_VIDEO";1272
"OyvjGRnxCkw";"RELATED_VIDEO";358
"Wz0N0c3EzVg";"RELATED_VIDEO";75
"m4a2c55eXMU";"RELATED_VIDEO";375
"GvKYUgka_4Y";"RELATED_VIDEO";1620
"AY_n9OWPgsk";"RELATED_VIDEO";51
"0v8DZuyM2GU";"RELATED_VIDEO";1385
"_JMSw6i5pzY";"RELATED_VIDEO";1787
"eXz0cLDRMyg";"RELATED_VIDEO";621
"xuBfK0oJmw8";"RELATED_VIDEO";220
"UFD5S4Peqc4";"RELATED_VIDEO";2587
"HvPh2go8xJs";"RELATED_VIDEO";127
"151Quamk9Uo";"RELATED_VIDEO";514
"-3r5Amv8wdg";"RELATED_VIDEO";10
"VKkN-FF66Zw";"RELATED_VIDEO";4986
"fcv3CHBItJo";"RELATED_VIDEO";28192
"P2hu_VsRVfM";"RELATED_VIDEO";345
"lOdLJx1zL7Y";"RELATED_VIDEO";2331
"u7SyqTpLIJc";"RELATED_VIDEO";691
"wUzZChTlzdE";"RELATED_VIDEO";493
"ezGQ1YxfAOU";"RELATED_VIDEO";577
"ksSg7hhMDbU";"RELATED_VIDEO";212
"dcjQLZgoNA0";"RELATED_VIDEO";1328
"uFhsqX_A6XA";"RELATED_VIDEO";484
"i1kCHZEhnEY";"RELATED_VIDEO";20600
"AZAL-QPn5Zc";"RELATED_VIDEO";3746
"yP791KGnrek";"RELATED_VIDEO";84
"h6zprXwtmfg";"RELATED_VIDEO";10
"6_1XDU3I-50";"RELATED_VIDEO";265
"S2k2dxf_QWc";"RELATED_VIDEO";537
"kXgm7984oTs";"RELATED_VIDEO";81
"0Stq-erLMlo";"RELATED_VIDEO";9
"Wt7ee9-jJwk";"PLAYLIST";13
"no0j59bcrW8";"PLAYLIST";18
"4xapOrfLvbg";"PLAYLIST";418
"XGbhdoiR-A8";"PLAYLIST";23
"_GOIflxSlYI";"PLAYLIST";32
"gNCTjoCu6k4";"PLAYLIST";111
"wG3J8lO9d5I";"PLAYLIST";285
"HJr4mLYsnB8";"PLAYLIST";176
"fLqvaWJtwhQ";"PLAYLIST";3157
"ZilC968Fc9c";"PLAYLIST";1515
"-tTYPCTciyU";"PLAYLIST";91
"hilfglpKNRQ";"PLAYLIST";34
"cTqFNg_y9lw";"PLAYLIST";128
"IURWlw2_6Ks";"PLAYLIST";334
"iyGBZsLxe54";"PLAYLIST";342
"bDPGm3rP8WU";"PLAYLIST";804
"AJxCCfFmLTQ";"PLAYLIST";174
"EJwbwMB-fDQ";"PLAYLIST";121
"ZlKMxbC4ehg";"PLAYLIST";156
"icf7Hfj22vg";"PLAYLIST";1369
"8H9xM741hBQ";"PLAYLIST";1187
"DtOfcsS_pQw";"PLAYLIST";410
"KJod3LG84bk";"PLAYLIST";108
"Ax-jgwnolNI";"PLAYLIST";532
"_8vw30ltFJ0";"PLAYLIST";3436
"oLZ7jTKG1fw";"PLAYLIST";943
"7vCD8Zu686Q";"PLAYLIST";93
"vWnMk3E1lIc";"PLAYLIST";1433
"XKmTknbusnY";"PLAYLIST";155
"KngjlmJCpUs";"PLAYLIST";11
"gkMjAYFeSiM";"PLAYLIST";177
"k_Z1Uu5y9l8";"PLAYLIST";510
"kJ37glO4wBY";"PLAYLIST";1743
"RVcJ3O_O2Jg";"PLAYLIST";659
"eNP36ozsnss";"PLAYLIST";160
"SI0Oxt2Mu-Y";"PLAYLIST";53
"S1kTTQARvVs";"PLAYLIST";474
"dbZJLFI-t-Y";"PLAYLIST";1311
"X47XlpkMfe8";"PLAYLIST";559
"bU35LnSfo70";"PLAYLIST";4362
"MXKDEyc-vtU";"PLAYLIST";693
"O0VsTLDTjss";"PLAYLIST";75
"Pk3uKEuLrUY";"PLAYLIST";160
"A4iG8S4EpHs";"PLAYLIST";428
"QBD4na6Aeq0";"PLAYLIST";498
"iyc74jnjKV8";"PLAYLIST";40
"uq5PQg_hZro";"PLAYLIST";158
"ppQ0DdtBaCw";"PLAYLIST";109
"t4kd-QY6Rh0";"PLAYLIST";77
"fktQmk0a9OI";"PLAYLIST";62
"A9yVhbgxgl8";"PLAYLIST";1832
"qZtfSNReft4";"PLAYLIST";12
"4pdzhKNwQlY";"PLAYLIST";619
"9XsMt1TxNeM";"PLAYLIST";493
"pEAwvMkpA8I";"PLAYLIST";414
"T1q3BF5_YJ8";"PLAYLIST";165
"VRQq7XVWdR8";"PLAYLIST";1463
"0TAapq8TnFQ";"PLAYLIST";3176
"KkUg3-R9kcA";"PLAYLIST";1568
"Ka7Ds4EAjNQ";"PLAYLIST";586
"KjUAEci6G20";"PLAYLIST";1340
"x-1NiopFC9g";"PLAYLIST";310
"6M7AhO8vbNw";"PLAYLIST";35
"syzA3PZx3qk";"PLAYLIST";2166
"nePWIVgHobs";"PLAYLIST";183
"UqTAJxp--c4";"PLAYLIST";24
"RnMrGaiVWtQ";"PLAYLIST";1420
"IZJijGvbZks";"PLAYLIST";16
"Ys11kq35rHU";"PLAYLIST";55
"PAX5GP9SkTA";"PLAYLIST";35
"HRJRJ3D9cq8";"PLAYLIST";211
"di_J3aFqY9E";"PLAYLIST";2507
"1VNfhqILnh8";"PLAYLIST";10
"cS1omlvorrk";"PLAYLIST";3350
"fTUw94veqfE";"PLAYLIST";190
"cr9UBeZ3AvQ";"PLAYLIST";127
"z7FBukPBKzg";"PLAYLIST";1357
"uuwxWnAILr0";"PLAYLIST";72
"Z40Txux1Lxk";"PLAYLIST";1851
"3QiTBXfxzHA";"PLAYLIST";725
"EmALxO7V7y0";"PLAYLIST";1583
"TEmNcM6OnSc";"PLAYLIST";28
"YeI_n8myE68";"PLAYLIST";117
"Anv3X3EuHZ8";"PLAYLIST";509
"-kOvK7IV3sg";"PLAYLIST";619
"FO6e3rjSslQ";"PLAYLIST";344
"TRdVDwWqbfY";"PLAYLIST";2172
"s9ck7xx85mA";"PLAYLIST";140
"DMtlv-BlKP4";"PLAYLIST";2038
"DRVDYOrVdlQ";"PLAYLIST";9
"duMSovyosXE";"PLAYLIST";334
"CoTLQiMZFbI";"PLAYLIST";1726
"5XxUVbLVdQE";"PLAYLIST";245
"H3-evk6-qpQ";"PLAYLIST";131
"vbg4Je1tuis";"PLAYLIST";82
"8e8a3o1w51M";"PLAYLIST";91
"pCgK-Ze3nhA";"PLAYLIST";1939
"dzJvTcCedm8";"PLAYLIST";1646
"WSnB5y2JXv8";"PLAYLIST";371
"_bdHe3z_fVU";"PLAYLIST";694
"Y3ahe3J3Zuo";"PLAYLIST";103
"BxKIJL5baAU";"PLAYLIST";123
"WX0nH-lEpk4";"PLAYLIST";1687
"DWjbd7NPUCM";"PLAYLIST";110
"651eVDaL34o";"PLAYLIST";158
"Z4E2jSZ4r6A";"PLAYLIST";137
"RcQ8gE-1hSU";"PLAYLIST";789
"oKi7rd16TjU";"PLAYLIST";398
"2RZkc_qrV1g";"PLAYLIST";214
"6jeSIRpjv0M";"PLAYLIST";907
"2SGXnYFdqu4";"PLAYLIST";199
"4NgQLqHI6hU";"PLAYLIST";712
"BY0WV05IeNk";"PLAYLIST";123
"8D6IbflW5OI";"PLAYLIST";87
"2kmFfbOeFJg";"PLAYLIST";185
"Ds8Twy4VvzU";"PLAYLIST";281
"rXDomxfoY1o";"PLAYLIST";1052
"uwjOFYz-FxM";"PLAYLIST";85
"4V-yeg4fva0";"PLAYLIST";824
"JHuH7iGcPoY";"PLAYLIST";186
"1UkDaiRGShM";"PLAYLIST";1011
"lFd2hjkKz_Q";"PLAYLIST";2587
"rLmZYThOJg0";"PLAYLIST";6
"8JKgW9mS9WM";"PLAYLIST";797
"LG-fdqSIFxE";"PLAYLIST";145
"6ZM5uFFAd_w";"PLAYLIST";56
"L2ELtem2iGY";"PLAYLIST";102
"OIGGrrnMIgk";"PLAYLIST";1959
"2V9cLPXPemg";"PLAYLIST";2045
"r5WkPqu9E4E";"PLAYLIST";7
"qeWN5gq9EE8";"PLAYLIST";219
"T7ckdeGOhnU";"PLAYLIST";424
"HEMARcoxhkI";"PLAYLIST";496
"nvv4tPOY8lo";"PLAYLIST";45
"NjdZjozKboA";"PLAYLIST";1126
"gc2X5L4Y5Xg";"PLAYLIST";1031
"YfdypVSYb9c";"PLAYLIST";896
"6IHNYDy_Ynw";"PLAYLIST";2028
"U0YyIsqDWV4";"PLAYLIST";65
"aus8JuVxajM";"PLAYLIST";2497
"_p9E8fiDRDw";"PLAYLIST";352
"sepAWgLOCBI";"PLAYLIST";595
"Uuo8AsMxqss";"PLAYLIST";961
"QFADxSyXwwY";"PLAYLIST";357
"fKygF7VEJnQ";"PLAYLIST";52
"L1govVEBxDo";"PLAYLIST";180
"OyvjGRnxCkw";"PLAYLIST";154
"Wz0N0c3EzVg";"PLAYLIST";39
"m4a2c55eXMU";"PLAYLIST";134
"GvKYUgka_4Y";"PLAYLIST";210
"AY_n9OWPgsk";"PLAYLIST";161
"0v8DZuyM2GU";"PLAYLIST";701
"_JMSw6i5pzY";"PLAYLIST";339
"eXz0cLDRMyg";"PLAYLIST";160
"xuBfK0oJmw8";"PLAYLIST";30
"UFD5S4Peqc4";"PLAYLIST";253
"HvPh2go8xJs";"PLAYLIST";1182
"151Quamk9Uo";"PLAYLIST";1082
"-3r5Amv8wdg";"PLAYLIST";11
"VKkN-FF66Zw";"PLAYLIST";800
"fcv3CHBItJo";"PLAYLIST";1702
"P2hu_VsRVfM";"PLAYLIST";2197
"lOdLJx1zL7Y";"PLAYLIST";441
"u7SyqTpLIJc";"PLAYLIST";477
"wUzZChTlzdE";"PLAYLIST";181
"ezGQ1YxfAOU";"PLAYLIST";54
"ksSg7hhMDbU";"PLAYLIST";442
"dcjQLZgoNA0";"PLAYLIST";1617
"uFhsqX_A6XA";"PLAYLIST";2081
"i1kCHZEhnEY";"PLAYLIST";500
"AZAL-QPn5Zc";"PLAYLIST";140
"yP791KGnrek";"PLAYLIST";204
"h6zprXwtmfg";"PLAYLIST";36
"6_1XDU3I-50";"PLAYLIST";534
"S2k2dxf_QWc";"PLAYLIST";146
"kXgm7984oTs";"PLAYLIST";4
"0Stq-erLMlo";"PLAYLIST";2
"Wt7ee9-jJwk";"NOTIFICATION";273
"no0j59bcrW8";"NOTIFICATION";213
"4xapOrfLvbg";"NOTIFICATION";290
"XGbhdoiR-A8";"NOTIFICATION";321
"_GOIflxSlYI";"NOTIFICATION";214
"gNCTjoCu6k4";"NOTIFICATION";353
"wG3J8lO9d5I";"NOTIFICATION";279
"HJr4mLYsnB8";"NOTIFICATION";213
"fLqvaWJtwhQ";"NOTIFICATION";4
"ZilC968Fc9c";"NOTIFICATION";7
"-tTYPCTciyU";"NOTIFICATION";291
"hilfglpKNRQ";"NOTIFICATION";172
"cTqFNg_y9lw";"NOTIFICATION";444
"IURWlw2_6Ks";"NOTIFICATION";317
"iyGBZsLxe54";"NOTIFICATION";392
"bDPGm3rP8WU";"NOTIFICATION";33
"AJxCCfFmLTQ";"NOTIFICATION";308
"EJwbwMB-fDQ";"NOTIFICATION";508
"ZlKMxbC4ehg";"NOTIFICATION";228
"icf7Hfj22vg";"NOTIFICATION";38
"8H9xM741hBQ";"NOTIFICATION";57
"DtOfcsS_pQw";"NOTIFICATION";293
"KJod3LG84bk";"NOTIFICATION";245
"Ax-jgwnolNI";"NOTIFICATION";78
"_8vw30ltFJ0";"NOTIFICATION";5
"oLZ7jTKG1fw";"NOTIFICATION";4
"7vCD8Zu686Q";"NOTIFICATION";420
"vWnMk3E1lIc";"NOTIFICATION";16
"XKmTknbusnY";"NOTIFICATION";296
"KngjlmJCpUs";"NOTIFICATION";96
"gkMjAYFeSiM";"NOTIFICATION";383
"k_Z1Uu5y9l8";"NOTIFICATION";11
"kJ37glO4wBY";"NOTIFICATION";86
"RVcJ3O_O2Jg";"NOTIFICATION";9
"eNP36ozsnss";"NOTIFICATION";416
"SI0Oxt2Mu-Y";"NOTIFICATION";326
"S1kTTQARvVs";"NOTIFICATION";194
"dbZJLFI-t-Y";"NOTIFICATION";14
"X47XlpkMfe8";"NOTIFICATION";382
"bU35LnSfo70";"NOTIFICATION";3
"MXKDEyc-vtU";"NOTIFICATION";187
"O0VsTLDTjss";"NOTIFICATION";263
"Pk3uKEuLrUY";"NOTIFICATION";464
"A4iG8S4EpHs";"NOTIFICATION";415
"QBD4na6Aeq0";"NOTIFICATION";14
"iyc74jnjKV8";"NOTIFICATION";170
"uq5PQg_hZro";"NOTIFICATION";351
"ppQ0DdtBaCw";"NOTIFICATION";388
"t4kd-QY6Rh0";"NOTIFICATION";342
"fktQmk0a9OI";"NOTIFICATION";266
"A9yVhbgxgl8";"NOTIFICATION";94
"qZtfSNReft4";"NOTIFICATION";7
"4pdzhKNwQlY";"NOTIFICATION";11
"9XsMt1TxNeM";"NOTIFICATION";117
"pEAwvMkpA8I";"NOTIFICATION";319
"T1q3BF5_YJ8";"NOTIFICATION";581
"VRQq7XVWdR8";"NOTIFICATION";11
"0TAapq8TnFQ";"NOTIFICATION";9
"KkUg3-R9kcA";"NOTIFICATION";69
"Ka7Ds4EAjNQ";"NOTIFICATION";12
"KjUAEci6G20";"NOTIFICATION";11
"x-1NiopFC9g";"NOTIFICATION";218
"6M7AhO8vbNw";"NOTIFICATION";349
"syzA3PZx3qk";"NOTIFICATION";115
"nePWIVgHobs";"NOTIFICATION";4
"UqTAJxp--c4";"NOTIFICATION";126
"RnMrGaiVWtQ";"NOTIFICATION";83
"IZJijGvbZks";"NOTIFICATION";147
"Ys11kq35rHU";"NOTIFICATION";170
"PAX5GP9SkTA";"NOTIFICATION";254
"HRJRJ3D9cq8";"NOTIFICATION";165
"di_J3aFqY9E";"NOTIFICATION";2
"1VNfhqILnh8";"NOTIFICATION";230
"cS1omlvorrk";"NOTIFICATION";1
"fTUw94veqfE";"NOTIFICATION";510
"cr9UBeZ3AvQ";"NOTIFICATION";350
"z7FBukPBKzg";"NOTIFICATION";11
"uuwxWnAILr0";"NOTIFICATION";327
"Z40Txux1Lxk";"NOTIFICATION";129
"3QiTBXfxzHA";"NOTIFICATION";34
"EmALxO7V7y0";"NOTIFICATION";149
"TEmNcM6OnSc";"NOTIFICATION";187
"YeI_n8myE68";"NOTIFICATION";207
"Anv3X3EuHZ8";"NOTIFICATION";13
"-kOvK7IV3sg";"NOTIFICATION";278
"FO6e3rjSslQ";"NOTIFICATION";120
"TRdVDwWqbfY";"NOTIFICATION";2
"s9ck7xx85mA";"NOTIFICATION";297
"DMtlv-BlKP4";"NOTIFICATION";3
"DRVDYOrVdlQ";"NOTIFICATION";200
"duMSovyosXE";"NOTIFICATION";183
"CoTLQiMZFbI";"NOTIFICATION";38
"5XxUVbLVdQE";"NOTIFICATION";271
"H3-evk6-qpQ";"NOTIFICATION";373
"vbg4Je1tuis";"NOTIFICATION";309
"8e8a3o1w51M";"NOTIFICATION";317
"pCgK-Ze3nhA";"NOTIFICATION";125
"dzJvTcCedm8";"NOTIFICATION";4
"WSnB5y2JXv8";"NOTIFICATION";344
"_bdHe3z_fVU";"NOTIFICATION";75
"Y3ahe3J3Zuo";"NOTIFICATION";291
"BxKIJL5baAU";"NOTIFICATION";209
"WX0nH-lEpk4";"NOTIFICATION";5
"DWjbd7NPUCM";"NOTIFICATION";273
"651eVDaL34o";"NOTIFICATION";110
"Z4E2jSZ4r6A";"NOTIFICATION";161
"RcQ8gE-1hSU";"NOTIFICATION";10
"oKi7rd16TjU";"NOTIFICATION";349
"2RZkc_qrV1g";"NOTIFICATION";177
"6jeSIRpjv0M";"NOTIFICATION";359
"2SGXnYFdqu4";"NOTIFICATION";450
"4NgQLqHI6hU";"NOTIFICATION";92
"BY0WV05IeNk";"NOTIFICATION";224
"8D6IbflW5OI";"NOTIFICATION";240
"2kmFfbOeFJg";"NOTIFICATION";178
"Ds8Twy4VvzU";"NOTIFICATION";568
"rXDomxfoY1o";"NOTIFICATION";27
"uwjOFYz-FxM";"NOTIFICATION";489
"4V-yeg4fva0";"NOTIFICATION";141
"JHuH7iGcPoY";"NOTIFICATION";309
"1UkDaiRGShM";"NOTIFICATION";9
"lFd2hjkKz_Q";"NOTIFICATION";144
"rLmZYThOJg0";"NOTIFICATION";117
"8JKgW9mS9WM";"NOTIFICATION";116
"LG-fdqSIFxE";"NOTIFICATION";499
"6ZM5uFFAd_w";"NOTIFICATION";297
"L2ELtem2iGY";"NOTIFICATION";407
"OIGGrrnMIgk";"NOTIFICATION";116
"2V9cLPXPemg";"NOTIFICATION";157
"qeWN5gq9EE8";"NOTIFICATION";324
"T7ckdeGOhnU";"NOTIFICATION";291
"HEMARcoxhkI";"NOTIFICATION";20
"nvv4tPOY8lo";"NOTIFICATION";187
"NjdZjozKboA";"NOTIFICATION";33
"gc2X5L4Y5Xg";"NOTIFICATION";37
"YfdypVSYb9c";"NOTIFICATION";45
"6IHNYDy_Ynw";"NOTIFICATION";10
"U0YyIsqDWV4";"NOTIFICATION";304
"aus8JuVxajM";"NOTIFICATION";132
"_p9E8fiDRDw";"NOTIFICATION";317
"sepAWgLOCBI";"NOTIFICATION";75
"Uuo8AsMxqss";"NOTIFICATION";21
"QFADxSyXwwY";"NOTIFICATION";210
"fKygF7VEJnQ";"NOTIFICATION";197
"L1govVEBxDo";"NOTIFICATION";210
"OyvjGRnxCkw";"NOTIFICATION";496
"Wz0N0c3EzVg";"NOTIFICATION";152
"m4a2c55eXMU";"NOTIFICATION";370
"GvKYUgka_4Y";"NOTIFICATION";276
"AY_n9OWPgsk";"NOTIFICATION";247
"0v8DZuyM2GU";"NOTIFICATION";83
"_JMSw6i5pzY";"NOTIFICATION";270
"eXz0cLDRMyg";"NOTIFICATION";427
"xuBfK0oJmw8";"NOTIFICATION";205
"UFD5S4Peqc4";"NOTIFICATION";764
"HvPh2go8xJs";"NOTIFICATION";37
"151Quamk9Uo";"NOTIFICATION";27
"-3r5Amv8wdg";"NOTIFICATION";112
"VKkN-FF66Zw";"NOTIFICATION";444
"fcv3CHBItJo";"NOTIFICATION";70
"P2hu_VsRVfM";"NOTIFICATION";114
"lOdLJx1zL7Y";"NOTIFICATION";357
"u7SyqTpLIJc";"NOTIFICATION";405
"wUzZChTlzdE";"NOTIFICATION";338
"ezGQ1YxfAOU";"NOTIFICATION";305
"ksSg7hhMDbU";"NOTIFICATION";210
"dcjQLZgoNA0";"NOTIFICATION";41
"uFhsqX_A6XA";"NOTIFICATION";3
"i1kCHZEhnEY";"NOTIFICATION";687
"AZAL-QPn5Zc";"NOTIFICATION";504
"yP791KGnrek";"NOTIFICATION";286
"h6zprXwtmfg";"NOTIFICATION";205
"6_1XDU3I-50";"NOTIFICATION";43
"S2k2dxf_QWc";"NOTIFICATION";231
"kXgm7984oTs";"NOTIFICATION";244
"0Stq-erLMlo";"NOTIFICATION";171
"no0j59bcrW8";"END_SCREEN";1
"4xapOrfLvbg";"END_SCREEN";89
"XGbhdoiR-A8";"END_SCREEN";3
"_GOIflxSlYI";"END_SCREEN";17
"gNCTjoCu6k4";"END_SCREEN";18
"wG3J8lO9d5I";"END_SCREEN";36
"HJr4mLYsnB8";"END_SCREEN";18
"fLqvaWJtwhQ";"END_SCREEN";14
"ZilC968Fc9c";"END_SCREEN";13
"-tTYPCTciyU";"END_SCREEN";27
"hilfglpKNRQ";"END_SCREEN";15
"cTqFNg_y9lw";"END_SCREEN";5
"IURWlw2_6Ks";"END_SCREEN";14
"iyGBZsLxe54";"END_SCREEN";56
"bDPGm3rP8WU";"END_SCREEN";26
"AJxCCfFmLTQ";"END_SCREEN";22
"EJwbwMB-fDQ";"END_SCREEN";6
"ZlKMxbC4ehg";"END_SCREEN";1
"icf7Hfj22vg";"END_SCREEN";18
"8H9xM741hBQ";"END_SCREEN";25
"DtOfcsS_pQw";"END_SCREEN";14
"KJod3LG84bk";"END_SCREEN";38
"Ax-jgwnolNI";"END_SCREEN";24
"_8vw30ltFJ0";"END_SCREEN";14
"oLZ7jTKG1fw";"END_SCREEN";16
"7vCD8Zu686Q";"END_SCREEN";39
"vWnMk3E1lIc";"END_SCREEN";2
"XKmTknbusnY";"END_SCREEN";7
"KngjlmJCpUs";"END_SCREEN";1
"gkMjAYFeSiM";"END_SCREEN";49
"k_Z1Uu5y9l8";"END_SCREEN";5
"kJ37glO4wBY";"END_SCREEN";11
"RVcJ3O_O2Jg";"END_SCREEN";20
"eNP36ozsnss";"END_SCREEN";14
"SI0Oxt2Mu-Y";"END_SCREEN";15
"S1kTTQARvVs";"END_SCREEN";1
"X47XlpkMfe8";"END_SCREEN";33
"bU35LnSfo70";"END_SCREEN";75
"MXKDEyc-vtU";"END_SCREEN";32
"O0VsTLDTjss";"END_SCREEN";16
"Pk3uKEuLrUY";"END_SCREEN";4
"A4iG8S4EpHs";"END_SCREEN";4
"QBD4na6Aeq0";"END_SCREEN";24
"iyc74jnjKV8";"END_SCREEN";4
"uq5PQg_hZro";"END_SCREEN";7
"ppQ0DdtBaCw";"END_SCREEN";63
"t4kd-QY6Rh0";"END_SCREEN";26
"fktQmk0a9OI";"END_SCREEN";43
"A9yVhbgxgl8";"END_SCREEN";37
"4pdzhKNwQlY";"END_SCREEN";891
"9XsMt1TxNeM";"END_SCREEN";198
"pEAwvMkpA8I";"END_SCREEN";25
"T1q3BF5_YJ8";"END_SCREEN";68
"VRQq7XVWdR8";"END_SCREEN";199
"0TAapq8TnFQ";"END_SCREEN";84
"KkUg3-R9kcA";"END_SCREEN";3
"Ka7Ds4EAjNQ";"END_SCREEN";61
"KjUAEci6G20";"END_SCREEN";246
"x-1NiopFC9g";"END_SCREEN";8
"6M7AhO8vbNw";"END_SCREEN";14
"syzA3PZx3qk";"END_SCREEN";110
"nePWIVgHobs";"END_SCREEN";1
"UqTAJxp--c4";"END_SCREEN";3
"RnMrGaiVWtQ";"END_SCREEN";146
"IZJijGvbZks";"END_SCREEN";2
"PAX5GP9SkTA";"END_SCREEN";4
"HRJRJ3D9cq8";"END_SCREEN";60
"di_J3aFqY9E";"END_SCREEN";13
"cS1omlvorrk";"END_SCREEN";15
"fTUw94veqfE";"END_SCREEN";51
"cr9UBeZ3AvQ";"END_SCREEN";30
"z7FBukPBKzg";"END_SCREEN";118
"uuwxWnAILr0";"END_SCREEN";4
"Z40Txux1Lxk";"END_SCREEN";54
"3QiTBXfxzHA";"END_SCREEN";3
"EmALxO7V7y0";"END_SCREEN";70
"YeI_n8myE68";"END_SCREEN";7
"Anv3X3EuHZ8";"END_SCREEN";8
"-kOvK7IV3sg";"END_SCREEN";7
"FO6e3rjSslQ";"END_SCREEN";4
"TRdVDwWqbfY";"END_SCREEN";11
"s9ck7xx85mA";"END_SCREEN";58
"DMtlv-BlKP4";"END_SCREEN";2928
"DRVDYOrVdlQ";"END_SCREEN";1
"duMSovyosXE";"END_SCREEN";29
"CoTLQiMZFbI";"END_SCREEN";3
"5XxUVbLVdQE";"END_SCREEN";18
"H3-evk6-qpQ";"END_SCREEN";8
"vbg4Je1tuis";"END_SCREEN";25
"8e8a3o1w51M";"END_SCREEN";79
"pCgK-Ze3nhA";"END_SCREEN";72
"dzJvTcCedm8";"END_SCREEN";8
"WSnB5y2JXv8";"END_SCREEN";88
"_bdHe3z_fVU";"END_SCREEN";3
"Y3ahe3J3Zuo";"END_SCREEN";20
"WX0nH-lEpk4";"END_SCREEN";1
"DWjbd7NPUCM";"END_SCREEN";42
"651eVDaL34o";"END_SCREEN";9
"RcQ8gE-1hSU";"END_SCREEN";22
"oKi7rd16TjU";"END_SCREEN";1
"2RZkc_qrV1g";"END_SCREEN";2
"6jeSIRpjv0M";"END_SCREEN";11
"2SGXnYFdqu4";"END_SCREEN";8
"4NgQLqHI6hU";"END_SCREEN";30
"BY0WV05IeNk";"END_SCREEN";13
"8D6IbflW5OI";"END_SCREEN";18
"2kmFfbOeFJg";"END_SCREEN";48
"Ds8Twy4VvzU";"END_SCREEN";13
"uwjOFYz-FxM";"END_SCREEN";25
"4V-yeg4fva0";"END_SCREEN";21
"JHuH7iGcPoY";"END_SCREEN";11
"1UkDaiRGShM";"END_SCREEN";120
"lFd2hjkKz_Q";"END_SCREEN";101
"8JKgW9mS9WM";"END_SCREEN";79
"LG-fdqSIFxE";"END_SCREEN";57
"6ZM5uFFAd_w";"END_SCREEN";2
"L2ELtem2iGY";"END_SCREEN";5
"OIGGrrnMIgk";"END_SCREEN";104
"2V9cLPXPemg";"END_SCREEN";22
"r5WkPqu9E4E";"END_SCREEN";1
"qeWN5gq9EE8";"END_SCREEN";15
"T7ckdeGOhnU";"END_SCREEN";2
"HEMARcoxhkI";"END_SCREEN";4
"nvv4tPOY8lo";"END_SCREEN";6
"NjdZjozKboA";"END_SCREEN";7
"gc2X5L4Y5Xg";"END_SCREEN";48
"YfdypVSYb9c";"END_SCREEN";1
"6IHNYDy_Ynw";"END_SCREEN";8
"U0YyIsqDWV4";"END_SCREEN";19
"aus8JuVxajM";"END_SCREEN";44
"_p9E8fiDRDw";"END_SCREEN";44
"sepAWgLOCBI";"END_SCREEN";2
"QFADxSyXwwY";"END_SCREEN";51
"fKygF7VEJnQ";"END_SCREEN";48
"L1govVEBxDo";"END_SCREEN";23
"OyvjGRnxCkw";"END_SCREEN";51
"Wz0N0c3EzVg";"END_SCREEN";3
"m4a2c55eXMU";"END_SCREEN";33
"GvKYUgka_4Y";"END_SCREEN";4
"AY_n9OWPgsk";"END_SCREEN";11
"0v8DZuyM2GU";"END_SCREEN";6
"_JMSw6i5pzY";"END_SCREEN";55
"eXz0cLDRMyg";"END_SCREEN";76
"xuBfK0oJmw8";"END_SCREEN";1
"UFD5S4Peqc4";"END_SCREEN";118
"HvPh2go8xJs";"END_SCREEN";7
"151Quamk9Uo";"END_SCREEN";101
"-3r5Amv8wdg";"END_SCREEN";3
"VKkN-FF66Zw";"END_SCREEN";61
"fcv3CHBItJo";"END_SCREEN";456
"P2hu_VsRVfM";"END_SCREEN";4
"lOdLJx1zL7Y";"END_SCREEN";33
"u7SyqTpLIJc";"END_SCREEN";5
"wUzZChTlzdE";"END_SCREEN";14
"ezGQ1YxfAOU";"END_SCREEN";11
"dcjQLZgoNA0";"END_SCREEN";3
"uFhsqX_A6XA";"END_SCREEN";1
"i1kCHZEhnEY";"END_SCREEN";116
"AZAL-QPn5Zc";"END_SCREEN";234
"yP791KGnrek";"END_SCREEN";24
"h6zprXwtmfg";"END_SCREEN";2
"6_1XDU3I-50";"END_SCREEN";2
"S2k2dxf_QWc";"END_SCREEN";26
"_GOIflxSlYI";"ANNOTATION";6
"wG3J8lO9d5I";"ANNOTATION";2
"HJr4mLYsnB8";"ANNOTATION";1
"ZilC968Fc9c";"ANNOTATION";120
"-tTYPCTciyU";"ANNOTATION";13
"cTqFNg_y9lw";"ANNOTATION";7
"IURWlw2_6Ks";"ANNOTATION";6
"iyGBZsLxe54";"ANNOTATION";31
"AJxCCfFmLTQ";"ANNOTATION";11
"EJwbwMB-fDQ";"ANNOTATION";62
"DtOfcsS_pQw";"ANNOTATION";6
"KJod3LG84bk";"ANNOTATION";3
"7vCD8Zu686Q";"ANNOTATION";13
"XKmTknbusnY";"ANNOTATION";9
"X47XlpkMfe8";"ANNOTATION";73
"MXKDEyc-vtU";"ANNOTATION";6
"Pk3uKEuLrUY";"ANNOTATION";10
"A4iG8S4EpHs";"ANNOTATION";8
"uq5PQg_hZro";"ANNOTATION";6
"9XsMt1TxNeM";"ANNOTATION";10
"pEAwvMkpA8I";"ANNOTATION";1
"T1q3BF5_YJ8";"ANNOTATION";21
"syzA3PZx3qk";"ANNOTATION";95
"UqTAJxp--c4";"ANNOTATION";6
"RnMrGaiVWtQ";"ANNOTATION";5
"HRJRJ3D9cq8";"ANNOTATION";2
"fTUw94veqfE";"ANNOTATION";3
"Z40Txux1Lxk";"ANNOTATION";57
"EmALxO7V7y0";"ANNOTATION";694
"Anv3X3EuHZ8";"ANNOTATION";23
"duMSovyosXE";"ANNOTATION";1
"5XxUVbLVdQE";"ANNOTATION";33
"vbg4Je1tuis";"ANNOTATION";27
"8e8a3o1w51M";"ANNOTATION";20
"pCgK-Ze3nhA";"ANNOTATION";450
"oKi7rd16TjU";"ANNOTATION";10
"2RZkc_qrV1g";"ANNOTATION";12
"6jeSIRpjv0M";"ANNOTATION";160
"2SGXnYFdqu4";"ANNOTATION";53
"Ds8Twy4VvzU";"ANNOTATION";18
"lFd2hjkKz_Q";"ANNOTATION";11
"8JKgW9mS9WM";"ANNOTATION";8
"gc2X5L4Y5Xg";"ANNOTATION";1
"fKygF7VEJnQ";"ANNOTATION";3
"L1govVEBxDo";"ANNOTATION";23
"OyvjGRnxCkw";"ANNOTATION";11
"AY_n9OWPgsk";"ANNOTATION";37
"eXz0cLDRMyg";"ANNOTATION";1
"UFD5S4Peqc4";"ANNOTATION";35
"VKkN-FF66Zw";"ANNOTATION";29
"fcv3CHBItJo";"ANNOTATION";34
"lOdLJx1zL7Y";"ANNOTATION";23
"u7SyqTpLIJc";"ANNOTATION";15
"wUzZChTlzdE";"ANNOTATION";17
"i1kCHZEhnEY";"ADVERTISING";1324
"i1kCHZEhnEY";"ANNOTATION";28
"AZAL-QPn5Zc";"ANNOTATION";39
